Charging Rate,Start Window,Result,SSE,SST
7.0,1.0,0.0,100.0,8.999999999999998
7.0,1.1,0.0,100.0,12.333333333333337
7.0,1.2,0.0,100.0,11.000000000000002
7.0,1.3,0.0,100.0,12.666666666666671
7.0,1.4,0.0,100.0,10.666666666666668
7.0,1.5,0.0,100.0,10.666666666666668
7.0,1.6,0.0,100.0,8.666666666666664
7.0,1.7000000000000002,0.0,100.0,7.6666666666666625
7.0,1.8,0.0,100.0,4.999999999999999
7.0,1.9,0.0,100.0,6.666666666666664
7.0,2.0,0.0,100.0,4.666666666666666
7.0,2.1,0.0,100.0,4.999999999999999
7.0,2.2,0.0,100.0,5.333333333333332
7.0,2.3,0.0,100.0,4.333333333333333
7.0,2.4000000000000004,0.0,100.0,3.0
7.0,2.5,0.0,100.0,1.6666666666666665
7.0,2.6,0.0,100.0,3.0
7.0,2.7,0.0,100.0,1.6666666666666665
7.0,2.8,0.0,100.0,1.6666666666666665
7.0,2.9000000000000004,0.0,100.0,1.9999999999999998
7.0,3.0,0.0,100.0,1.0
7.0,3.1,0.0,100.0,0.33333333333333326
7.0,3.2,0.0,100.0,0.6666666666666665
7.0,3.3000000000000003,0.0,100.0,1.0
7.0,3.4000000000000004,0.0,100.0,0.33333333333333326
7.0,3.5,0.0,100.0,0.6666666666666665
7.0,3.6,0.0,100.0,0.33333333333333326
7.0,3.7,0.0,100.0,0.33333333333333326
7.0,3.8000000000000003,0.0,100.0,0.0
7.0,3.9000000000000004,0.0,100.0,0.0
7.0,4.0,0.0,100.0,0.0
7.0,4.1,0.0,100.0,0.33333333333333326
7.0,4.2,0.0,100.0,0.0
7.0,4.300000000000001,0.0,100.0,0.33333333333333326
7.0,4.4,0.0,100.0,0.0
7.0,4.5,0.0,100.0,0.0
7.0,4.6,0.0,100.0,0.0
7.0,4.7,0.0,100.0,0.0
7.0,4.800000000000001,0.0,100.0,0.0
7.0,4.9,0.0,100.0,0.0
7.0,5.0,0.0,100.0,0.0
7.0,5.1000000000000005,0.0,100.0,0.0
7.0,5.2,0.0,100.0,0.0
7.0,5.3,0.0,100.0,0.0
7.0,5.4,0.0,100.0,0.0
7.0,5.5,0.0,100.0,0.0
7.0,5.6000000000000005,0.0,100.0,0.0
7.0,5.7,0.0,100.0,0.0
7.0,5.800000000000001,0.0,100.0,0.0
7.0,5.9,0.0,100.0,0.0
7.0,6.0,0.0,100.0,0.0
7.0,6.1000000000000005,0.0,100.0,0.0
7.0,6.2,0.0,100.0,0.0
7.0,6.300000000000001,0.0,100.0,0.0
7.0,6.4,0.0,100.0,0.0
7.0,6.5,0.0,100.0,0.0
7.0,6.6000000000000005,0.0,100.0,0.0
7.0,6.7,0.0,100.0,0.0
7.0,6.800000000000001,0.0,100.0,0.0
7.0,6.9,0.0,100.0,0.0
7.0,7.0,0.0,100.0,0.0
7.0,7.1000000000000005,0.0,100.0,0.0
7.0,7.2,0.0,100.0,0.0
7.0,7.300000000000001,0.0,100.0,0.0
7.0,7.4,0.0,100.0,0.0
7.0,7.5,0.0,100.0,0.0
7.0,7.6000000000000005,0.0,100.0,0.0
7.0,7.7,0.0,100.0,0.0
7.0,7.800000000000001,0.0,100.0,0.0
7.0,7.9,0.0,100.0,0.0
7.0,8.0,0.0,100.0,0.0
7.0,8.100000000000001,0.0,100.0,0.0
7.0,8.2,0.0,100.0,0.0
7.0,8.3,0.0,100.0,0.0
7.0,8.4,0.0,100.0,0.0
7.0,8.5,0.0,100.0,0.0
7.0,8.600000000000001,0.0,100.0,0.0
7.0,8.7,0.0,100.0,0.0
7.0,8.8,0.0,100.0,0.0
7.0,8.9,0.0,100.0,0.0
7.0,9.0,0.0,100.0,0.0
7.0,9.1,0.0,100.0,0.0
7.0,9.200000000000001,0.0,100.0,0.0
7.0,9.3,0.0,100.0,0.0
7.0,9.4,0.0,100.0,0.0
7.0,9.5,0.0,100.0,0.0
7.0,9.6,0.0,100.0,0.0
7.0,9.700000000000001,0.0,100.0,0.0
7.0,9.8,0.0,100.0,0.0
7.0,9.9,0.0,100.0,0.0
7.0,10.0,0.0,100.0,0.0
7.0,10.1,0.0,100.0,0.0
7.0,10.200000000000001,0.0,100.0,0.0
7.0,10.3,0.0,100.0,0.0
7.0,10.4,0.0,100.0,0.0
7.0,10.5,0.0,100.0,0.0
7.0,10.600000000000001,0.0,100.0,0.0
7.0,10.700000000000001,0.0,100.0,0.0
7.0,10.8,0.0,100.0,0.0
7.0,10.9,0.0,100.0,0.0
7.0,11.0,0.0,100.0,0.0
7.0,11.100000000000001,0.0,100.0,0.0
7.0,11.200000000000001,0.0,100.0,0.0
7.0,11.3,0.0,100.0,0.0
7.0,11.4,0.0,100.0,0.0
7.0,11.5,0.0,100.0,0.0
7.0,11.600000000000001,0.0,100.0,0.0
7.0,11.700000000000001,0.0,100.0,0.0
7.0,11.8,0.0,100.0,0.0
7.0,11.9,0.0,100.0,0.0
7.0,12.0,6.0,94.0,1.2222222222222223
7.0,12.100000000000001,19.0,80.66666666666667,4.555555555555556
7.0,12.200000000000001,40.0,60.0,8.555555555555554
7.0,12.3,45.0,55.0,9.44444444444444
7.0,12.4,59.0,41.0,12.666666666666655
7.0,12.5,64.0,36.0,12.888888888888873
7.0,12.600000000000001,74.0,26.0,14.888888888888868
7.0,12.700000000000001,72.0,28.0,14.444444444444427
7.0,12.8,79.0,21.0,15.666666666666643
7.0,12.9,85.0,15.0,17.666666666666636
7.0,13.0,89.0,11.0,17.111111111111082
7.0,13.100000000000001,91.0,9.0,18.111111111111082
7.0,13.200000000000001,94.0,6.0,16.333333333333304
7.0,13.3,94.0,6.0,14.999999999999973
7.0,13.4,97.0,3.0,14.666666666666643
7.0,13.5,97.0,3.0,13.888888888888863
7.0,13.600000000000001,96.0,4.0,13.999999999999973
7.0,13.700000000000001,99.0,1.0,13.888888888888864
7.0,13.8,98.0,2.0,12.333333333333309
7.0,13.9,100.0,0.0,12.66666666666664
7.0,14.0,100.0,0.0,12.77777777777775
7.0,14.100000000000001,100.0,0.0,11.444444444444425
7.0,14.200000000000001,100.0,0.0,10.44444444444443
7.0,14.3,100.0,0.0,8.333333333333323
7.0,14.4,100.0,0.0,6.777777777777771
7.0,14.5,100.0,0.0,6.222222222222218
7.0,14.600000000000001,100.0,0.0,5.3333333333333295
7.0,14.700000000000001,100.0,0.0,2.8888888888888897
7.0,14.8,100.0,0.0,3.4444444444444455
7.0,14.9,100.0,0.0,3.222222222222223
7.0,15.0,100.0,0.0,3.0000000000000013
7.0,15.100000000000001,100.0,0.0,2.333333333333334
7.0,15.200000000000001,100.0,0.0,2.8888888888888897
7.0,15.3,100.0,0.0,1.2222222222222225
7.0,15.4,100.0,0.0,0.888888888888889
7.0,15.5,100.0,0.0,0.5555555555555556
7.0,15.600000000000001,100.0,0.0,0.7777777777777779
7.0,15.700000000000001,100.0,0.0,1.4444444444444446
7.0,15.8,100.0,0.0,2.1111111111111116
7.0,15.9,100.0,0.0,1.3333333333333337
7.0,16.0,100.0,0.0,0.6666666666666667
7.0,16.1,100.0,0.0,0.6666666666666667
7.0,16.200000000000003,100.0,0.0,0.4444444444444444
7.0,16.3,100.0,0.0,0.5555555555555556
7.0,16.4,100.0,0.0,0.7777777777777779
7.0,16.5,100.0,0.0,0.2222222222222222
7.0,16.6,100.0,0.0,0.4444444444444444
7.0,16.700000000000003,100.0,0.0,0.33333333333333326
7.0,16.8,100.0,0.0,0.1111111111111111
7.0,16.9,100.0,0.0,0.1111111111111111
7.0,17.0,100.0,0.0,0.33333333333333326
7.0,17.1,100,0,0
7.0,17.2,100,0,0
7.0,17.3,100,0,0
7.0,17.400000000000002,100,0,0
7.0,17.5,100,0,0
7.0,17.6,100,0,0
7.0,17.7,100,0,0
7.0,17.8,100,0,0
7.0,17.900000000000002,100,0,0
7.0,18.0,100,0,0
7.0,18.1,100,0,0
7.0,18.2,100,0,0
7.0,18.3,100,0,0
7.0,18.400000000000002,100,0,0
7.0,18.5,100,0,0
7.0,18.6,100,0,0
7.0,18.7,100,0,0
7.0,18.8,100,0,0
7.0,18.900000000000002,100,0,0
7.0,19.0,100,0,0
7.0,19.1,100,0,0
7.0,19.2,100,0,0
7.0,19.3,100,0,0
7.0,19.400000000000002,100,0,0
7.0,19.5,100,0,0
7.0,19.6,100,0,0
7.0,19.7,100,0,0
7.0,19.8,100,0,0
7.0,19.900000000000002,100,0,0
7.0,20.0,100,0,0
7.0,20.1,100,0,0
7.0,20.200000000000003,100,0,0
7.0,20.3,100,0,0
7.0,20.400000000000002,100,0,0
7.0,20.5,100,0,0
7.0,20.6,100,0,0
7.0,20.700000000000003,100,0,0
7.0,20.8,100,0,0
7.0,20.900000000000002,100,0,0
7.1,1.0,0.0,100.0,13.33333333333334
7.1,1.1,0.0,100.0,13.666666666666675
7.1,1.2,0.0,100.0,13.33333333333334
7.1,1.3,0.0,100.0,12.000000000000005
7.1,1.4,0.0,100.0,9.666666666666666
7.1,1.5,0.0,100.0,10.333333333333336
7.1,1.6,0.0,100.0,8.999999999999998
7.1,1.7000000000000002,0.0,100.0,8.666666666666664
7.1,1.8,0.0,100.0,8.33333333333333
7.1,1.9,0.0,100.0,7.33333333333333
7.1,2.0,0.0,100.0,5.666666666666665
7.1,2.1,0.0,100.0,5.999999999999997
7.1,2.2,0.0,100.0,6.666666666666664
7.1,2.3,0.0,100.0,4.333333333333333
7.1,2.4000000000000004,0.0,100.0,3.666666666666667
7.1,2.5,0.0,100.0,3.0
7.1,2.6,0.0,100.0,2.666666666666666
7.1,2.7,0.0,100.0,2.333333333333333
7.1,2.8,0.0,100.0,1.333333333333333
7.1,2.9000000000000004,0.0,100.0,0.6666666666666665
7.1,3.0,0.0,100.0,1.0
7.1,3.1,0.0,100.0,1.9999999999999998
7.1,3.2,0.0,100.0,1.333333333333333
7.1,3.3000000000000003,0.0,100.0,0.6666666666666665
7.1,3.4000000000000004,0.0,100.0,0.6666666666666665
7.1,3.5,0.0,100.0,0.6666666666666665
7.1,3.6,0.0,100.0,0.0
7.1,3.7,0.0,100.0,0.33333333333333326
7.1,3.8000000000000003,0.0,100.0,1.0
7.1,3.9000000000000004,0.0,100.0,0.33333333333333326
7.1,4.0,0.0,100.0,0.33333333333333326
7.1,4.1,0.0,100.0,0.6666666666666665
7.1,4.2,0.0,100.0,0.0
7.1,4.300000000000001,0.0,100.0,0.0
7.1,4.4,0.0,100.0,0.0
7.1,4.5,0.0,100.0,0.33333333333333326
7.1,4.6,0.0,100.0,0.0
7.1,4.7,0.0,100.0,0.0
7.1,4.800000000000001,0.0,100.0,0.0
7.1,4.9,0.0,100.0,0.0
7.1,5.0,0.0,100.0,0.0
7.1,5.1000000000000005,0.0,100.0,0.0
7.1,5.2,0.0,100.0,0.0
7.1,5.3,0.0,100.0,0.0
7.1,5.4,0.0,100.0,0.0
7.1,5.5,0.0,100.0,0.0
7.1,5.6000000000000005,0.0,100.0,0.0
7.1,5.7,0.0,100.0,0.0
7.1,5.800000000000001,0.0,100.0,0.0
7.1,5.9,0.0,100.0,0.0
7.1,6.0,0.0,100.0,0.0
7.1,6.1000000000000005,0.0,100.0,0.0
7.1,6.2,0.0,100.0,0.0
7.1,6.300000000000001,0.0,100.0,0.0
7.1,6.4,0.0,100.0,0.0
7.1,6.5,0.0,100.0,0.0
7.1,6.6000000000000005,0.0,100.0,0.0
7.1,6.7,0.0,100.0,0.0
7.1,6.800000000000001,0.0,100.0,0.0
7.1,6.9,0.0,100.0,0.0
7.1,7.0,0.0,100.0,0.0
7.1,7.1000000000000005,0.0,100.0,0.0
7.1,7.2,0.0,100.0,0.0
7.1,7.300000000000001,0.0,100.0,0.0
7.1,7.4,0.0,100.0,0.0
7.1,7.5,0.0,100.0,0.0
7.1,7.6000000000000005,0.0,100.0,0.0
7.1,7.7,0.0,100.0,0.0
7.1,7.800000000000001,0.0,100.0,0.0
7.1,7.9,0.0,100.0,0.0
7.1,8.0,0.0,100.0,0.0
7.1,8.100000000000001,0.0,100.0,0.0
7.1,8.2,0.0,100.0,0.0
7.1,8.3,0.0,100.0,0.0
7.1,8.4,0.0,100.0,0.0
7.1,8.5,0.0,100.0,0.0
7.1,8.600000000000001,0.0,100.0,0.0
7.1,8.7,0.0,100.0,0.0
7.1,8.8,0.0,100.0,0.0
7.1,8.9,0.0,100.0,0.0
7.1,9.0,0.0,100.0,0.0
7.1,9.1,0.0,100.0,0.0
7.1,9.200000000000001,0.0,100.0,0.0
7.1,9.3,0.0,100.0,0.0
7.1,9.4,0.0,100.0,0.0
7.1,9.5,0.0,100.0,0.0
7.1,9.6,0.0,100.0,0.0
7.1,9.700000000000001,0.0,100.0,0.0
7.1,9.8,0.0,100.0,0.0
7.1,9.9,0.0,100.0,0.0
7.1,10.0,0.0,100.0,0.0
7.1,10.1,0.0,100.0,0.0
7.1,10.200000000000001,0.0,100.0,0.0
7.1,10.3,0.0,100.0,0.0
7.1,10.4,0.0,100.0,0.0
7.1,10.5,0.0,100.0,0.0
7.1,10.600000000000001,0.0,100.0,0.0
7.1,10.700000000000001,0.0,100.0,0.0
7.1,10.8,0.0,100.0,0.0
7.1,10.9,0.0,100.0,0.0
7.1,11.0,0.0,100.0,0.0
7.1,11.100000000000001,0.0,100.0,0.0
7.1,11.200000000000001,0.0,100.0,0.0
7.1,11.3,0.0,100.0,0.0
7.1,11.4,0.0,100.0,0.0
7.1,11.5,0.0,100.0,0.0
7.1,11.600000000000001,0.0,100.0,0.0
7.1,11.700000000000001,0.0,100.0,0.0
7.1,11.8,13.0,87.0,3.0000000000000013
7.1,11.9,22.0,78.0,5.1111111111111125
7.1,12.0,37.0,63.0,8.444444444444443
7.1,12.100000000000001,54.0,45.66666666666667,12.666666666666652
7.1,12.200000000000001,59.0,41.0,13.33333333333332
7.1,12.3,67.0,33.0,14.111111111111091
7.1,12.4,71.0,29.0,13.999999999999979
7.1,12.5,77.0,23.0,15.66666666666664
7.1,12.600000000000001,82.0,17.88888888888889,16.555555555555525
7.1,12.700000000000001,94.0,6.0,18.666666666666636
7.1,12.8,89.0,11.0,18.222222222222193
7.1,12.9,94.0,6.0,18.888888888888857
7.1,13.0,94.0,6.0,18.666666666666636
7.1,13.100000000000001,96.0,4.0,17.777777777777747
7.1,13.200000000000001,96.0,4.0,15.99999999999997
7.1,13.3,99.0,1.0,15.777777777777748
7.1,13.4,98.0,2.0,15.222222222222193
7.1,13.5,98.0,2.0,13.222222222222197
7.1,13.600000000000001,99.0,1.0,14.666666666666638
7.1,13.700000000000001,100.0,0.0,13.333333333333306
7.1,13.8,100.0,0.0,13.111111111111084
7.1,13.9,99.0,1.0,13.444444444444418
7.1,14.0,100.0,0.0,12.444444444444422
7.1,14.100000000000001,100.0,0.0,11.77777777777776
7.1,14.200000000000001,100.0,0.0,8.999999999999986
7.1,14.3,100.0,0.0,8.999999999999986
7.1,14.4,100.0,0.0,6.4444444444444375
7.1,14.5,100.0,0.0,6.444444444444439
7.1,14.600000000000001,100.0,0.0,5.11111111111111
7.1,14.700000000000001,100.0,0.0,5.444444444444442
7.1,14.8,100.0,0.0,4.444444444444444
7.1,14.9,100.0,0.0,3.0000000000000013
7.1,15.0,100.0,0.0,2.5555555555555562
7.1,15.100000000000001,100.0,0.0,2.2222222222222228
7.1,15.200000000000001,100.0,0.0,2.1111111111111116
7.1,15.3,100.0,0.0,2.444444444444445
7.1,15.4,100.0,0.0,0.888888888888889
7.1,15.5,100.0,0.0,0.888888888888889
7.1,15.600000000000001,100.0,0.0,1.2222222222222225
7.1,15.700000000000001,100.0,0.0,1.6666666666666672
7.1,15.8,100.0,0.0,1.555555555555556
7.1,15.9,100.0,0.0,1.555555555555556
7.1,16.0,100.0,0.0,1.1111111111111114
7.1,16.1,100.0,0.0,1.0000000000000002
7.1,16.200000000000003,100.0,0.0,0.7777777777777779
7.1,16.3,100.0,0.0,0.33333333333333326
7.1,16.4,100.0,0.0,0.4444444444444444
7.1,16.5,100.0,0.0,0.4444444444444444
7.1,16.6,100.0,0.0,0.4444444444444444
7.1,16.700000000000003,100.0,0.0,0.33333333333333326
7.1,16.8,100.0,0.0,0.1111111111111111
7.1,16.9,100.0,0.0,0.33333333333333326
7.1,17.0,100.0,0.0,0.1111111111111111
7.1,17.1,100,0,0
7.1,17.2,100,0,0
7.1,17.3,100,0,0
7.1,17.400000000000002,100,0,0
7.1,17.5,100,0,0
7.1,17.6,100,0,0
7.1,17.7,100,0,0
7.1,17.8,100,0,0
7.1,17.900000000000002,100,0,0
7.1,18.0,100,0,0
7.1,18.1,100,0,0
7.1,18.2,100,0,0
7.1,18.3,100,0,0
7.1,18.400000000000002,100,0,0
7.1,18.5,100,0,0
7.1,18.6,100,0,0
7.1,18.7,100,0,0
7.1,18.8,100,0,0
7.1,18.900000000000002,100,0,0
7.1,19.0,100,0,0
7.1,19.1,100,0,0
7.1,19.2,100,0,0
7.1,19.3,100,0,0
7.1,19.400000000000002,100,0,0
7.1,19.5,100,0,0
7.1,19.6,100,0,0
7.1,19.7,100,0,0
7.1,19.8,100,0,0
7.1,19.900000000000002,100,0,0
7.1,20.0,100,0,0
7.1,20.1,100,0,0
7.1,20.200000000000003,100,0,0
7.1,20.3,100,0,0
7.1,20.400000000000002,100,0,0
7.1,20.5,100,0,0
7.1,20.6,100,0,0
7.1,20.700000000000003,100,0,0
7.1,20.8,100,0,0
7.1,20.900000000000002,100,0,0
7.2,1.0,0.0,100.0,18.666666666666668
7.2,1.1,0.0,100.0,13.000000000000005
7.2,1.2,0.0,100.0,11.66666666666667
7.2,1.3,0.0,100.0,12.000000000000005
7.2,1.4,0.0,100.0,12.666666666666671
7.2,1.5,0.0,100.0,14.000000000000007
7.2,1.6,0.0,100.0,7.9999999999999964
7.2,1.7000000000000002,0.0,100.0,10.333333333333336
7.2,1.8,0.0,100.0,9.333333333333332
7.2,1.9,0.0,100.0,8.999999999999998
7.2,2.0,0.0,100.0,7.6666666666666625
7.2,2.1,0.0,100.0,7.33333333333333
7.2,2.2,0.0,100.0,6.666666666666664
7.2,2.3,0.0,100.0,7.6666666666666625
7.2,2.4000000000000004,0.0,100.0,5.999999999999997
7.2,2.5,0.0,100.0,6.333333333333331
7.2,2.6,0.0,100.0,4.999999999999999
7.2,2.7,0.0,100.0,5.666666666666665
7.2,2.8,0.0,100.0,3.666666666666667
7.2,2.9000000000000004,0.0,100.0,1.9999999999999998
7.2,3.0,0.0,100.0,1.9999999999999998
7.2,3.1,0.0,100.0,2.333333333333333
7.2,3.2,0.0,100.0,2.333333333333333
7.2,3.3000000000000003,0.0,100.0,2.666666666666666
7.2,3.4000000000000004,0.0,100.0,2.666666666666666
7.2,3.5,0.0,100.0,1.333333333333333
7.2,3.6,0.0,100.0,1.333333333333333
7.2,3.7,0.0,100.0,1.0
7.2,3.8000000000000003,0.0,100.0,1.333333333333333
7.2,3.9000000000000004,0.0,100.0,1.0
7.2,4.0,0.0,100.0,0.0
7.2,4.1,0.0,100.0,1.0
7.2,4.2,0.0,100.0,1.333333333333333
7.2,4.300000000000001,0.0,100.0,0.0
7.2,4.4,0.0,100.0,0.33333333333333326
7.2,4.5,0.0,100.0,0.0
7.2,4.6,0.0,100.0,0.0
7.2,4.7,0.0,100.0,0.33333333333333326
7.2,4.800000000000001,0.0,100.0,0.0
7.2,4.9,0.0,100.0,0.0
7.2,5.0,0.0,100.0,0.0
7.2,5.1000000000000005,0.0,100.0,0.0
7.2,5.2,0.0,100.0,0.0
7.2,5.3,0.0,100.0,0.0
7.2,5.4,0.0,100.0,0.0
7.2,5.5,0.0,100.0,0.0
7.2,5.6000000000000005,0.0,100.0,0.0
7.2,5.7,0.0,100.0,0.0
7.2,5.800000000000001,0.0,100.0,0.0
7.2,5.9,0.0,100.0,0.0
7.2,6.0,0.0,100.0,0.0
7.2,6.1000000000000005,0.0,100.0,0.0
7.2,6.2,0.0,100.0,0.0
7.2,6.300000000000001,0.0,100.0,0.0
7.2,6.4,0.0,100.0,0.0
7.2,6.5,0.0,100.0,0.0
7.2,6.6000000000000005,0.0,100.0,0.0
7.2,6.7,0.0,100.0,0.0
7.2,6.800000000000001,0.0,100.0,0.0
7.2,6.9,0.0,100.0,0.0
7.2,7.0,0.0,100.0,0.0
7.2,7.1000000000000005,0.0,100.0,0.0
7.2,7.2,0.0,100.0,0.0
7.2,7.300000000000001,0.0,100.0,0.0
7.2,7.4,0.0,100.0,0.0
7.2,7.5,0.0,100.0,0.0
7.2,7.6000000000000005,0.0,100.0,0.0
7.2,7.7,0.0,100.0,0.0
7.2,7.800000000000001,0.0,100.0,0.0
7.2,7.9,0.0,100.0,0.0
7.2,8.0,0.0,100.0,0.0
7.2,8.100000000000001,0.0,100.0,0.0
7.2,8.2,0.0,100.0,0.0
7.2,8.3,0.0,100.0,0.0
7.2,8.4,0.0,100.0,0.0
7.2,8.5,0.0,100.0,0.0
7.2,8.600000000000001,0.0,100.0,0.0
7.2,8.7,0.0,100.0,0.0
7.2,8.8,0.0,100.0,0.0
7.2,8.9,0.0,100.0,0.0
7.2,9.0,0.0,100.0,0.0
7.2,9.1,0.0,100.0,0.0
7.2,9.200000000000001,0.0,100.0,0.0
7.2,9.3,0.0,100.0,0.0
7.2,9.4,0.0,100.0,0.0
7.2,9.5,0.0,100.0,0.0
7.2,9.6,0.0,100.0,0.0
7.2,9.700000000000001,0.0,100.0,0.0
7.2,9.8,0.0,100.0,0.0
7.2,9.9,0.0,100.0,0.0
7.2,10.0,0.0,100.0,0.0
7.2,10.1,0.0,100.0,0.0
7.2,10.200000000000001,0.0,100.0,0.0
7.2,10.3,0.0,100.0,0.0
7.2,10.4,0.0,100.0,0.0
7.2,10.5,0.0,100.0,0.0
7.2,10.600000000000001,0.0,100.0,0.0
7.2,10.700000000000001,0.0,100.0,0.0
7.2,10.8,0.0,100.0,0.0
7.2,10.9,0.0,100.0,0.0
7.2,11.0,0.0,100.0,0.0
7.2,11.100000000000001,0.0,100.0,0.0
7.2,11.200000000000001,0.0,100.0,0.0
7.2,11.3,0.0,100.0,0.0
7.2,11.4,0.0,100.0,0.0
7.2,11.5,2.0,98.0,0.4444444444444444
7.2,11.600000000000001,19.0,80.66666666666666,5.555555555555556
7.2,11.700000000000001,23.0,77.0,5.555555555555556
7.2,11.8,40.0,60.0,8.777777777777775
7.2,11.9,60.0,40.0,12.444444444444432
7.2,12.0,62.0,38.0,14.222222222222207
7.2,12.100000000000001,70.0,30.0,14.777777777777755
7.2,12.200000000000001,74.0,26.0,16.11111111111109
7.2,12.3,83.0,16.666666666666668,18.555555555555525
7.2,12.4,83.0,17.0,16.444444444444418
7.2,12.5,83.0,17.0,16.88888888888886
7.2,12.600000000000001,95.0,5.0,18.833333333333297
7.2,12.700000000000001,91.0,9.0,17.88888888888886
7.2,12.8,93.0,7.0,18.999999999999964
7.2,12.9,99.0,1.0,19.111111111111075
7.2,13.0,97.0,3.0,19.666666666666636
7.2,13.100000000000001,98.0,2.0,19.55555555555552
7.2,13.200000000000001,100.0,0.0,18.222222222222186
7.2,13.3,99.0,1.0,15.77777777777775
7.2,13.4,99.0,1.0,15.333333333333306
7.2,13.5,100.0,0.0,14.222222222222193
7.2,13.600000000000001,100.0,0.0,14.222222222222195
7.2,13.700000000000001,100.0,0.0,13.444444444444422
7.2,13.8,99.0,1.0,13.666666666666643
7.2,13.9,99.0,1.0,12.222222222222198
7.2,14.0,99.0,1.0,12.222222222222197
7.2,14.100000000000001,100.0,0.0,11.222222222222202
7.2,14.200000000000001,100.0,0.0,11.44444444444443
7.2,14.3,100.0,0.0,8.444444444444432
7.2,14.4,100.0,0.0,6.222222222222216
7.2,14.5,100.0,0.0,6.111111111111106
7.2,14.600000000000001,100.0,0.0,4.888888888888887
7.2,14.700000000000001,100.0,0.0,4.444444444444445
7.2,14.8,100.0,0.0,4.333333333333333
7.2,14.9,100.0,0.0,3.4444444444444455
7.2,15.0,100.0,0.0,2.2222222222222228
7.2,15.100000000000001,100.0,0.0,2.444444444444445
7.2,15.200000000000001,100.0,0.0,2.1111111111111116
7.2,15.3,100.0,0.0,2.1111111111111116
7.2,15.4,100.0,0.0,2.0000000000000004
7.2,15.5,100.0,0.0,1.777777777777778
7.2,15.600000000000001,100.0,0.0,1.3333333333333337
7.2,15.700000000000001,100.0,0.0,2.6666666666666674
7.2,15.8,100.0,0.0,1.7777777777777783
7.2,15.9,100.0,0.0,0.888888888888889
7.2,16.0,100.0,0.0,0.7777777777777779
7.2,16.1,100.0,0.0,1.2222222222222225
7.2,16.200000000000003,100.0,0.0,0.4444444444444444
7.2,16.3,100.0,0.0,0.2222222222222222
7.2,16.4,100.0,0.0,0.4444444444444444
7.2,16.5,100.0,0.0,0.6666666666666667
7.2,16.6,100.0,0.0,0.33333333333333326
7.2,16.700000000000003,100.0,0.0,0.2222222222222222
7.2,16.8,100.0,0.0,0.2222222222222222
7.2,16.9,100.0,0.0,0.0
7.2,17.0,100.0,0.0,0.1111111111111111
7.2,17.1,100.0,0.0,0.1111111111111111
7.2,17.2,100,0,0
7.2,17.3,100,0,0
7.2,17.400000000000002,100,0,0
7.2,17.5,100,0,0
7.2,17.6,100,0,0
7.2,17.7,100,0,0
7.2,17.8,100,0,0
7.2,17.900000000000002,100,0,0
7.2,18.0,100,0,0
7.2,18.1,100,0,0
7.2,18.2,100,0,0
7.2,18.3,100,0,0
7.2,18.400000000000002,100,0,0
7.2,18.5,100,0,0
7.2,18.6,100,0,0
7.2,18.7,100,0,0
7.2,18.8,100,0,0
7.2,18.900000000000002,100,0,0
7.2,19.0,100,0,0
7.2,19.1,100,0,0
7.2,19.2,100,0,0
7.2,19.3,100,0,0
7.2,19.400000000000002,100,0,0
7.2,19.5,100,0,0
7.2,19.6,100,0,0
7.2,19.7,100,0,0
7.2,19.8,100,0,0
7.2,19.900000000000002,100,0,0
7.2,20.0,100,0,0
7.2,20.1,100,0,0
7.2,20.200000000000003,100,0,0
7.2,20.3,100,0,0
7.2,20.400000000000002,100,0,0
7.2,20.5,100,0,0
7.2,20.6,100,0,0
7.2,20.700000000000003,100,0,0
7.2,20.8,100,0,0
7.2,20.900000000000002,100,0,0
7.3,1.0,0.0,100.0,18.000000000000004
7.3,1.1,0.0,100.0,17.33333333333334
7.3,1.2,0.0,100.0,17.33333333333334
7.3,1.3,0.0,100.0,15.000000000000009
7.3,1.4,0.0,100.0,12.666666666666671
7.3,1.5,0.0,100.0,13.000000000000005
7.3,1.6,0.0,100.0,9.333333333333332
7.3,1.7000000000000002,0.0,100.0,8.999999999999998
7.3,1.8,0.0,100.0,9.666666666666666
7.3,1.9,0.0,100.0,7.9999999999999964
7.3,2.0,0.0,100.0,11.66666666666667
7.3,2.1,0.0,100.0,7.9999999999999964
7.3,2.2,0.0,100.0,7.33333333333333
7.3,2.3,0.0,100.0,11.66666666666667
7.3,2.4000000000000004,0.0,100.0,8.666666666666664
7.3,2.5,0.0,100.0,6.333333333333331
7.3,2.6,0.0,100.0,6.666666666666664
7.3,2.7,0.0,100.0,7.33333333333333
7.3,2.8,0.0,100.0,4.333333333333333
7.3,2.9000000000000004,0.0,100.0,4.666666666666666
7.3,3.0,0.0,100.0,4.999999999999999
7.3,3.1,0.0,100.0,2.666666666666666
7.3,3.2,0.0,100.0,5.666666666666665
7.3,3.3000000000000003,0.0,100.0,1.9999999999999998
7.3,3.4000000000000004,0.0,100.0,3.333333333333334
7.3,3.5,0.0,100.0,3.0
7.3,3.6,0.0,100.0,2.666666666666666
7.3,3.7,0.0,100.0,1.6666666666666665
7.3,3.8000000000000003,0.0,100.0,1.6666666666666665
7.3,3.9000000000000004,0.0,100.0,1.0
7.3,4.0,0.0,100.0,1.6666666666666665
7.3,4.1,0.0,100.0,1.0
7.3,4.2,0.0,100.0,0.0
7.3,4.300000000000001,0.0,100.0,0.33333333333333326
7.3,4.4,0.0,100.0,0.33333333333333326
7.3,4.5,0.0,100.0,1.0
7.3,4.6,0.0,100.0,0.6666666666666665
7.3,4.7,0.0,100.0,0.33333333333333326
7.3,4.800000000000001,0.0,100.0,0.33333333333333326
7.3,4.9,0.0,100.0,0.0
7.3,5.0,0.0,100.0,0.6666666666666665
7.3,5.1000000000000005,0.0,100.0,0.0
7.3,5.2,0.0,100.0,0.0
7.3,5.3,0.0,100.0,0.0
7.3,5.4,0.0,100.0,0.0
7.3,5.5,0.0,100.0,0.0
7.3,5.6000000000000005,0.0,100.0,0.0
7.3,5.7,0.0,100.0,0.0
7.3,5.800000000000001,0.0,100.0,0.0
7.3,5.9,0.0,100.0,0.0
7.3,6.0,0.0,100.0,0.0
7.3,6.1000000000000005,0.0,100.0,0.0
7.3,6.2,0.0,100.0,0.0
7.3,6.300000000000001,0.0,100.0,0.0
7.3,6.4,0.0,100.0,0.0
7.3,6.5,0.0,100.0,0.0
7.3,6.6000000000000005,0.0,100.0,0.0
7.3,6.7,0.0,100.0,0.0
7.3,6.800000000000001,0.0,100.0,0.0
7.3,6.9,0.0,100.0,0.0
7.3,7.0,0.0,100.0,0.0
7.3,7.1000000000000005,0.0,100.0,0.0
7.3,7.2,0.0,100.0,0.0
7.3,7.300000000000001,0.0,100.0,0.0
7.3,7.4,0.0,100.0,0.0
7.3,7.5,0.0,100.0,0.0
7.3,7.6000000000000005,0.0,100.0,0.0
7.3,7.7,0.0,100.0,0.0
7.3,7.800000000000001,0.0,100.0,0.0
7.3,7.9,0.0,100.0,0.0
7.3,8.0,0.0,100.0,0.0
7.3,8.100000000000001,0.0,100.0,0.0
7.3,8.2,0.0,100.0,0.0
7.3,8.3,0.0,100.0,0.0
7.3,8.4,0.0,100.0,0.0
7.3,8.5,0.0,100.0,0.0
7.3,8.600000000000001,0.0,100.0,0.0
7.3,8.7,0.0,100.0,0.0
7.3,8.8,0.0,100.0,0.0
7.3,8.9,0.0,100.0,0.0
7.3,9.0,0.0,100.0,0.0
7.3,9.1,0.0,100.0,0.0
7.3,9.200000000000001,0.0,100.0,0.0
7.3,9.3,0.0,100.0,0.0
7.3,9.4,0.0,100.0,0.0
7.3,9.5,0.0,100.0,0.0
7.3,9.6,0.0,100.0,0.0
7.3,9.700000000000001,0.0,100.0,0.0
7.3,9.8,0.0,100.0,0.0
7.3,9.9,0.0,100.0,0.0
7.3,10.0,0.0,100.0,0.0
7.3,10.1,0.0,100.0,0.0
7.3,10.200000000000001,0.0,100.0,0.0
7.3,10.3,0.0,100.0,0.0
7.3,10.4,0.0,100.0,0.0
7.3,10.5,0.0,100.0,0.0
7.3,10.600000000000001,0.0,100.0,0.0
7.3,10.700000000000001,0.0,100.0,0.0
7.3,10.8,0.0,100.0,0.0
7.3,10.9,0.0,100.0,0.0
7.3,11.0,0.0,100.0,0.0
7.3,11.100000000000001,0.0,100.0,0.0
7.3,11.200000000000001,0.0,100.0,0.0
7.3,11.3,5.0,95.0,1.3333333333333335
7.3,11.4,13.0,87.0,3.2222222222222228
7.3,11.5,35.0,64.66666666666666,8.666666666666668
7.3,11.600000000000001,51.0,49.0,12.1111111111111
7.3,11.700000000000001,57.0,43.0,12.77777777777777
7.3,11.8,59.0,41.0,12.666666666666652
7.3,11.9,71.0,29.0,15.111111111111091
7.3,12.0,81.0,19.0,17.222222222222197
7.3,12.100000000000001,83.0,17.0,18.11111111111108
7.3,12.200000000000001,84.0,16.0,18.222222222222193
7.3,12.3,89.0,11.0,19.333333333333297
7.3,12.4,90.0,10.0,18.55555555555552
7.3,12.5,94.0,6.0,17.66666666666664
7.3,12.600000000000001,96.0,4.0,19.11111111111108
7.3,12.700000000000001,94.0,6.0,18.444444444444414
7.3,12.8,97.0,3.0,18.99999999999996
7.3,12.9,99.0,1.0,19.88888888888885
7.3,13.0,99.0,1.0,20.333333333333297
7.3,13.100000000000001,100.0,0.0,18.888888888888854
7.3,13.200000000000001,99.0,1.0,17.666666666666632
7.3,13.3,100.0,0.0,16.88888888888886
7.3,13.4,97.0,3.0,13.888888888888863
7.3,13.5,100.0,0.0,13.66666666666664
7.3,13.600000000000001,100.0,0.0,15.555555555555529
7.3,13.700000000000001,100.0,0.0,13.555555555555527
7.3,13.8,100.0,0.0,13.888888888888863
7.3,13.9,100.0,0.0,12.888888888888863
7.3,14.0,100.0,0.0,13.111111111111086
7.3,14.100000000000001,100.0,0.0,11.666666666666647
7.3,14.200000000000001,99.0,1.0,9.666666666666654
7.3,14.3,100.0,0.0,8.999999999999988
7.3,14.4,100.0,0.0,6.777777777777772
7.3,14.5,100.0,0.0,5.555555555555552
7.3,14.600000000000001,100.0,0.0,4.8888888888888875
7.3,14.700000000000001,100.0,0.0,4.777777777777777
7.3,14.8,100.0,0.0,3.0000000000000013
7.3,14.9,100.0,0.0,2.8888888888888897
7.3,15.0,100.0,0.0,2.333333333333334
7.3,15.100000000000001,100.0,0.0,1.7777777777777783
7.3,15.200000000000001,100.0,0.0,1.7777777777777783
7.3,15.3,100.0,0.0,1.666666666666667
7.3,15.4,100.0,0.0,1.888888888888889
7.3,15.5,100.0,0.0,2.2222222222222228
7.3,15.600000000000001,100.0,0.0,0.888888888888889
7.3,15.700000000000001,100.0,0.0,0.888888888888889
7.3,15.8,100.0,0.0,1.6666666666666672
7.3,15.9,100.0,0.0,0.888888888888889
7.3,16.0,100.0,0.0,0.2222222222222222
7.3,16.1,100.0,0.0,0.4444444444444444
7.3,16.200000000000003,100.0,0.0,0.6666666666666667
7.3,16.3,100.0,0.0,0.4444444444444444
7.3,16.4,100.0,0.0,0.6666666666666667
7.3,16.5,100.0,0.0,0.2222222222222222
7.3,16.6,100.0,0.0,0.4444444444444444
7.3,16.700000000000003,100,0,0
7.3,16.8,100,0,0
7.3,16.9,100,0,0
7.3,17.0,100,0,0
7.3,17.1,100,0,0
7.3,17.2,100,0,0
7.3,17.3,100,0,0
7.3,17.400000000000002,100,0,0
7.3,17.5,100,0,0
7.3,17.6,100,0,0
7.3,17.7,100,0,0
7.3,17.8,100,0,0
7.3,17.900000000000002,100,0,0
7.3,18.0,100,0,0
7.3,18.1,100,0,0
7.3,18.2,100,0,0
7.3,18.3,100,0,0
7.3,18.400000000000002,100,0,0
7.3,18.5,100,0,0
7.3,18.6,100,0,0
7.3,18.7,100,0,0
7.3,18.8,100,0,0
7.3,18.900000000000002,100,0,0
7.3,19.0,100,0,0
7.3,19.1,100,0,0
7.3,19.2,100,0,0
7.3,19.3,100,0,0
7.3,19.400000000000002,100,0,0
7.3,19.5,100,0,0
7.3,19.6,100,0,0
7.3,19.7,100,0,0
7.3,19.8,100,0,0
7.3,19.900000000000002,100,0,0
7.3,20.0,100,0,0
7.3,20.1,100,0,0
7.3,20.200000000000003,100,0,0
7.3,20.3,100,0,0
7.3,20.400000000000002,100,0,0
7.3,20.5,100,0,0
7.3,20.6,100,0,0
7.3,20.700000000000003,100,0,0
7.3,20.8,100,0,0
7.3,20.900000000000002,100,0,0
7.4,1.0,0.0,100.0,18.666666666666668
7.4,1.1,0.0,100.0,18.666666666666668
7.4,1.2,0.0,100.0,19.333333333333332
7.4,1.3,0.0,100.0,18.000000000000004
7.4,1.4,0.0,100.0,17.33333333333334
7.4,1.5,0.0,100.0,15.000000000000009
7.4,1.6,0.0,100.0,13.000000000000005
7.4,1.7000000000000002,0.0,100.0,9.333333333333332
7.4,1.8,0.0,100.0,11.66666666666667
7.4,1.9,0.0,100.0,12.000000000000005
7.4,2.0,0.0,100.0,11.66666666666667
7.4,2.1,0.0,100.0,11.333333333333336
7.4,2.2,0.0,100.0,13.000000000000005
7.4,2.3,0.0,100.0,13.33333333333334
7.4,2.4000000000000004,0.0,100.0,7.33333333333333
7.4,2.5,0.0,100.0,12.000000000000005
7.4,2.6,0.0,100.0,7.9999999999999964
7.4,2.7,0.0,100.0,6.666666666666664
7.4,2.8,0.0,100.0,8.999999999999998
7.4,2.9000000000000004,0.0,100.0,4.333333333333333
7.4,3.0,0.0,100.0,7.6666666666666625
7.4,3.1,0.0,100.0,7.6666666666666625
7.4,3.2,0.0,100.0,4.666666666666666
7.4,3.3000000000000003,0.0,100.0,7.33333333333333
7.4,3.4000000000000004,0.0,100.0,6.999999999999997
7.4,3.5,0.0,100.0,5.999999999999997
7.4,3.6,0.0,100.0,5.333333333333332
7.4,3.7,0.0,100.0,3.666666666666667
7.4,3.8000000000000003,0.0,100.0,2.333333333333333
7.4,3.9000000000000004,0.0,100.0,2.666666666666666
7.4,4.0,0.0,100.0,1.6666666666666665
7.4,4.1,0.0,100.0,0.6666666666666665
7.4,4.2,0.0,100.0,1.333333333333333
7.4,4.300000000000001,0.0,100.0,1.333333333333333
7.4,4.4,0.0,100.0,1.0
7.4,4.5,0.0,100.0,0.33333333333333326
7.4,4.6,0.0,100.0,1.333333333333333
7.4,4.7,0.0,100.0,0.33333333333333326
7.4,4.800000000000001,0.0,100.0,0.33333333333333326
7.4,4.9,0.0,100.0,0.6666666666666665
7.4,5.0,0.0,100.0,0.6666666666666665
7.4,5.1000000000000005,0.0,100.0,0.33333333333333326
7.4,5.2,0.0,100.0,0.33333333333333326
7.4,5.3,0.0,100.0,0.33333333333333326
7.4,5.4,0.0,100.0,0.0
7.4,5.5,0.0,100.0,0.0
7.4,5.6000000000000005,0.0,100.0,0.33333333333333326
7.4,5.7,0.0,100.0,0.0
7.4,5.800000000000001,0.0,100.0,0.0
7.4,5.9,0.0,100.0,0.0
7.4,6.0,0.0,100.0,0.33333333333333326
7.4,6.1000000000000005,0.0,100.0,0.0
7.4,6.2,0.0,100.0,0.0
7.4,6.300000000000001,0.0,100.0,0.0
7.4,6.4,0.0,100.0,0.0
7.4,6.5,0.0,100.0,0.0
7.4,6.6000000000000005,0.0,100.0,0.0
7.4,6.7,0.0,100.0,0.0
7.4,6.800000000000001,0.0,100.0,0.0
7.4,6.9,0.0,100.0,0.0
7.4,7.0,0.0,100.0,0.0
7.4,7.1000000000000005,0.0,100.0,0.0
7.4,7.2,0.0,100.0,0.0
7.4,7.300000000000001,0.0,100.0,0.0
7.4,7.4,0.0,100.0,0.0
7.4,7.5,0.0,100.0,0.0
7.4,7.6000000000000005,0.0,100.0,0.0
7.4,7.7,0.0,100.0,0.0
7.4,7.800000000000001,0.0,100.0,0.0
7.4,7.9,0.0,100.0,0.0
7.4,8.0,0.0,100.0,0.0
7.4,8.100000000000001,0.0,100.0,0.0
7.4,8.2,0.0,100.0,0.0
7.4,8.3,0.0,100.0,0.0
7.4,8.4,0.0,100.0,0.0
7.4,8.5,0.0,100.0,0.0
7.4,8.600000000000001,0.0,100.0,0.0
7.4,8.7,0.0,100.0,0.0
7.4,8.8,0.0,100.0,0.0
7.4,8.9,0.0,100.0,0.0
7.4,9.0,0.0,100.0,0.0
7.4,9.1,0.0,100.0,0.0
7.4,9.200000000000001,0.0,100.0,0.0
7.4,9.3,0.0,100.0,0.0
7.4,9.4,0.0,100.0,0.0
7.4,9.5,0.0,100.0,0.0
7.4,9.6,0.0,100.0,0.0
7.4,9.700000000000001,0.0,100.0,0.0
7.4,9.8,0.0,100.0,0.0
7.4,9.9,0.0,100.0,0.0
7.4,10.0,0.0,100.0,0.0
7.4,10.1,0.0,100.0,0.0
7.4,10.200000000000001,0.0,100.0,0.0
7.4,10.3,0.0,100.0,0.0
7.4,10.4,0.0,100.0,0.0
7.4,10.5,0.0,100.0,0.0
7.4,10.600000000000001,0.0,100.0,0.0
7.4,10.700000000000001,0.0,100.0,0.0
7.4,10.8,0.0,100.0,0.0
7.4,10.9,0.0,100.0,0.0
7.4,11.0,0.0,100.0,0.0
7.4,11.100000000000001,14.0,85.88888888888889,3.777777777777778
7.4,11.200000000000001,26.0,74.0,6.333333333333336
7.4,11.3,26.0,74.0,5.7777777777777795
7.4,11.4,44.0,56.0,10.222222222222214
7.4,11.5,60.0,40.0,14.555555555555541
7.4,11.600000000000001,63.0,37.0,14.888888888888872
7.4,11.700000000000001,62.0,38.0,13.888888888888868
7.4,11.8,75.0,24.666666666666664,16.444444444444414
7.4,11.9,81.0,19.0,17.555555555555532
7.4,12.0,84.0,16.0,18.888888888888857
7.4,12.100000000000001,87.0,12.666666666666668,18.44444444444441
7.4,12.200000000000001,90.0,10.0,19.333333333333297
7.4,12.3,97.0,3.0,21.666666666666625
7.4,12.4,92.0,8.0,18.44444444444441
7.4,12.5,93.0,7.0,18.22222222222219
7.4,12.600000000000001,98.0,2.0,19.11111111111108
7.4,12.700000000000001,99.0,1.0,20.777777777777736
7.4,12.8,99.0,1.0,19.999999999999964
7.4,12.9,99.0,1.0,19.666666666666625
7.4,13.0,100.0,0.0,20.55555555555552
7.4,13.100000000000001,100.0,0.0,18.444444444444407
7.4,13.200000000000001,100.0,0.0,16.555555555555525
7.4,13.3,100.0,0.0,16.999999999999975
7.4,13.4,99.0,1.0,14.888888888888859
7.4,13.5,100.0,0.0,15.333333333333306
7.4,13.600000000000001,100.0,0.0,14.444444444444416
7.4,13.700000000000001,100.0,0.0,13.444444444444422
7.4,13.8,100.0,0.0,13.222222222222197
7.4,13.9,100.0,0.0,12.777777777777754
7.4,14.0,100.0,0.0,12.444444444444422
7.4,14.100000000000001,100.0,0.0,12.888888888888863
7.4,14.200000000000001,100.0,0.0,10.111111111111095
7.4,14.3,100.0,0.0,9.666666666666655
7.4,14.4,100.0,0.0,5.999999999999997
7.4,14.5,100.0,0.0,6.222222222222218
7.4,14.600000000000001,100.0,0.0,5.333333333333331
7.4,14.700000000000001,100.0,0.0,4.888888888888887
7.4,14.8,100.0,0.0,3.222222222222223
7.4,14.9,100.0,0.0,3.0000000000000013
7.4,15.0,100.0,0.0,2.8888888888888897
7.4,15.100000000000001,100.0,0.0,2.333333333333334
7.4,15.200000000000001,100.0,0.0,3.222222222222223
7.4,15.3,100.0,0.0,2.0000000000000004
7.4,15.4,100.0,0.0,0.7777777777777779
7.4,15.5,100.0,0.0,1.1111111111111114
7.4,15.600000000000001,100.0,0.0,1.1111111111111114
7.4,15.700000000000001,100.0,0.0,1.3333333333333337
7.4,15.8,100.0,0.0,1.3333333333333337
7.4,15.9,100.0,0.0,1.3333333333333337
7.4,16.0,100.0,0.0,1.555555555555556
7.4,16.1,100.0,0.0,1.1111111111111114
7.4,16.200000000000003,100.0,0.0,0.5555555555555556
7.4,16.3,100,0,0
7.4,16.4,100,0,0
7.4,16.5,100,0,0
7.4,16.6,100,0,0
7.4,16.700000000000003,100,0,0
7.4,16.8,100,0,0
7.4,16.9,100,0,0
7.4,17.0,100,0,0
7.4,17.1,100,0,0
7.4,17.2,100,0,0
7.4,17.3,100,0,0
7.4,17.400000000000002,100,0,0
7.4,17.5,100,0,0
7.4,17.6,100,0,0
7.4,17.7,100,0,0
7.4,17.8,100,0,0
7.4,17.900000000000002,100,0,0
7.4,18.0,100,0,0
7.4,18.1,100,0,0
7.4,18.2,100,0,0
7.4,18.3,100,0,0
7.4,18.400000000000002,100,0,0
7.4,18.5,100,0,0
7.4,18.6,100,0,0
7.4,18.7,100,0,0
7.4,18.8,100,0,0
7.4,18.900000000000002,100,0,0
7.4,19.0,100,0,0
7.4,19.1,100,0,0
7.4,19.2,100,0,0
7.4,19.3,100,0,0
7.4,19.400000000000002,100,0,0
7.4,19.5,100,0,0
7.4,19.6,100,0,0
7.4,19.7,100,0,0
7.4,19.8,100,0,0
7.4,19.900000000000002,100,0,0
7.4,20.0,100,0,0
7.4,20.1,100,0,0
7.4,20.200000000000003,100,0,0
7.4,20.3,100,0,0
7.4,20.400000000000002,100,0,0
7.4,20.5,100,0,0
7.4,20.6,100,0,0
7.4,20.700000000000003,100,0,0
7.4,20.8,100,0,0
7.4,20.900000000000002,100,0,0
7.5,1.0,0.0,100.0,18.666666666666668
7.5,1.1,0.0,100.0,17.000000000000007
7.5,1.2,0.0,100.0,19.666666666666664
7.5,1.3,0.0,100.0,17.66666666666667
7.5,1.4,0.0,100.0,19.333333333333332
7.5,1.5,0.0,100.0,15.000000000000009
7.5,1.6,0.0,100.0,15.000000000000009
7.5,1.7000000000000002,0.0,100.0,13.666666666666675
7.5,1.8,0.0,100.0,15.000000000000009
7.5,1.9,0.0,100.0,15.666666666666677
7.5,2.0,0.0,100.0,15.666666666666677
7.5,2.1,0.0,100.0,16.333333333333343
7.5,2.2,0.0,100.0,15.000000000000009
7.5,2.3,0.0,100.0,16.00000000000001
7.5,2.4000000000000004,0.0,100.0,12.333333333333337
7.5,2.5,0.0,100.0,11.66666666666667
7.5,2.6,0.0,100.0,6.999999999999997
7.5,2.7,0.0,100.0,10.666666666666668
7.5,2.8,0.0,100.0,6.333333333333331
7.5,2.9000000000000004,0.0,100.0,9.666666666666666
7.5,3.0,0.0,100.0,13.666666666666675
7.5,3.1,0.0,100.0,9.333333333333332
7.5,3.2,0.0,100.0,7.9999999999999964
7.5,3.3000000000000003,0.0,100.0,8.33333333333333
7.5,3.4000000000000004,0.0,100.0,7.6666666666666625
7.5,3.5,0.0,100.0,8.33333333333333
7.5,3.6,0.0,100.0,5.666666666666665
7.5,3.7,0.0,100.0,4.999999999999999
7.5,3.8000000000000003,0.0,100.0,4.666666666666666
7.5,3.9000000000000004,0.0,100.0,2.333333333333333
7.5,4.0,0.0,100.0,9.333333333333332
7.5,4.1,0.0,100.0,5.999999999999997
7.5,4.2,0.0,100.0,3.666666666666667
7.5,4.300000000000001,0.0,100.0,5.333333333333332
7.5,4.4,0.0,100.0,2.666666666666666
7.5,4.5,0.0,100.0,3.666666666666667
7.5,4.6,0.0,100.0,3.0
7.5,4.7,0.0,100.0,4.0
7.5,4.800000000000001,0.0,100.0,4.0
7.5,4.9,0.0,100.0,1.333333333333333
7.5,5.0,0.0,100.0,1.333333333333333
7.5,5.1000000000000005,0.0,100.0,1.0
7.5,5.2,0.0,100.0,1.0
7.5,5.3,0.0,100.0,0.6666666666666665
7.5,5.4,0.0,100.0,0.33333333333333326
7.5,5.5,0.0,100.0,0.6666666666666665
7.5,5.6000000000000005,0.0,100.0,0.33333333333333326
7.5,5.7,0.0,100.0,0.33333333333333326
7.5,5.800000000000001,0.0,100.0,0.6666666666666665
7.5,5.9,0.0,100.0,0.6666666666666665
7.5,6.0,0.0,100.0,0.33333333333333326
7.5,6.1000000000000005,0.0,100.0,0.0
7.5,6.2,0.0,100.0,0.33333333333333326
7.5,6.300000000000001,0.0,100.0,0.0
7.5,6.4,0.0,100.0,0.0
7.5,6.5,0.0,100.0,0.0
7.5,6.6000000000000005,0.0,100.0,0.0
7.5,6.7,0.0,100.0,0.0
7.5,6.800000000000001,0.0,100.0,0.0
7.5,6.9,0.0,100.0,0.0
7.5,7.0,0.0,100.0,0.0
7.5,7.1000000000000005,0.0,100.0,0.0
7.5,7.2,0.0,100.0,0.0
7.5,7.300000000000001,0.0,100.0,0.0
7.5,7.4,0.0,100.0,0.0
7.5,7.5,0.0,100.0,0.0
7.5,7.6000000000000005,0.0,100.0,0.0
7.5,7.7,0.0,100.0,0.0
7.5,7.800000000000001,0.0,100.0,0.0
7.5,7.9,0.0,100.0,0.0
7.5,8.0,0.0,100.0,0.0
7.5,8.100000000000001,0.0,100.0,0.0
7.5,8.2,0.0,100.0,0.0
7.5,8.3,0.0,100.0,0.0
7.5,8.4,0.0,100.0,0.0
7.5,8.5,0.0,100.0,0.0
7.5,8.600000000000001,0.0,100.0,0.0
7.5,8.7,0.0,100.0,0.0
7.5,8.8,0.0,100.0,0.0
7.5,8.9,0.0,100.0,0.0
7.5,9.0,0.0,100.0,0.0
7.5,9.1,0.0,100.0,0.0
7.5,9.200000000000001,0.0,100.0,0.0
7.5,9.3,0.0,100.0,0.0
7.5,9.4,0.0,100.0,0.0
7.5,9.5,0.0,100.0,0.0
7.5,9.6,0.0,100.0,0.0
7.5,9.700000000000001,0.0,100.0,0.0
7.5,9.8,0.0,100.0,0.0
7.5,9.9,0.0,100.0,0.0
7.5,10.0,0.0,100.0,0.0
7.5,10.1,0.0,100.0,0.0
7.5,10.200000000000001,0.0,100.0,0.0
7.5,10.3,0.0,100.0,0.0
7.5,10.4,0.0,100.0,0.0
7.5,10.5,0.0,100.0,0.0
7.5,10.600000000000001,0.0,100.0,0.0
7.5,10.700000000000001,0.0,100.0,0.0
7.5,10.8,0.0,100.0,0.0
7.5,10.9,15.0,85.0,3.555555555555556
7.5,11.0,24.0,76.0,5.555555555555556
7.5,11.100000000000001,30.0,70.0,7.333333333333334
7.5,11.200000000000001,47.0,53.0,11.111111111111104
7.5,11.3,55.0,45.0,12.777777777777766
7.5,11.4,64.0,36.0,14.444444444444427
7.5,11.5,73.0,27.0,16.999999999999975
7.5,11.600000000000001,73.0,27.0,16.44444444444442
7.5,11.700000000000001,77.0,23.0,18.11111111111108
7.5,11.8,85.0,15.0,17.77777777777775
7.5,11.9,88.0,11.666666666666664,18.888888888888854
7.5,12.0,95.0,5.0,21.11111111111107
7.5,12.100000000000001,96.0,4.0,21.111111111111075
7.5,12.200000000000001,96.0,4.0,21.222222222222186
7.5,12.3,97.0,3.0,21.66666666666663
7.5,12.4,98.0,2.0,19.333333333333293
7.5,12.5,100.0,0.0,20.22222222222219
7.5,12.600000000000001,99.0,1.0,19.444444444444407
7.5,12.700000000000001,100.0,0.0,19.55555555555552
7.5,12.8,99.0,1.0,19.777777777777743
7.5,12.9,99.0,1.0,20.888888888888847
7.5,13.0,99.0,1.0,20.55555555555552
7.5,13.100000000000001,99.0,1.0,19.888888888888857
7.5,13.200000000000001,100.0,0.0,16.99999999999997
7.5,13.3,100.0,0.0,15.888888888888859
7.5,13.4,100.0,0.0,15.11111111111108
7.5,13.5,100.0,0.0,14.444444444444414
7.5,13.600000000000001,100.0,0.0,14.222222222222193
7.5,13.700000000000001,100.0,0.0,13.77777777777775
7.5,13.8,100.0,0.0,12.999999999999973
7.5,13.9,100.0,0.0,12.777777777777754
7.5,14.0,100.0,0.0,12.999999999999977
7.5,14.100000000000001,100.0,0.0,12.333333333333306
7.5,14.200000000000001,100.0,0.0,9.44444444444443
7.5,14.3,100.0,0.0,10.111111111111098
7.5,14.4,100.0,0.0,5.999999999999995
7.5,14.5,100.0,0.0,6.777777777777771
7.5,14.600000000000001,100.0,0.0,6.222222222222218
7.5,14.700000000000001,100.0,0.0,4.000000000000001
7.5,14.8,100.0,0.0,3.111111111111112
7.5,14.9,100.0,0.0,3.666666666666668
7.5,15.0,100.0,0.0,3.0000000000000013
7.5,15.100000000000001,100.0,0.0,3.111111111111112
7.5,15.200000000000001,100.0,0.0,2.0000000000000004
7.5,15.3,100.0,0.0,2.2222222222222228
7.5,15.4,100.0,0.0,1.3333333333333337
7.5,15.5,100.0,0.0,0.5555555555555556
7.5,15.600000000000001,100.0,0.0,2.0000000000000004
7.5,15.700000000000001,100.0,0.0,2.0000000000000004
7.5,15.8,100.0,0.0,1.6666666666666672
7.5,15.9,100.0,0.0,0.888888888888889
7.5,16.0,100,0,0
7.5,16.1,100,0,0
7.5,16.200000000000003,100,0,0
7.5,16.3,100,0,0
7.5,16.4,100,0,0
7.5,16.5,100,0,0
7.5,16.6,100,0,0
7.5,16.700000000000003,100,0,0
7.5,16.8,100,0,0
7.5,16.9,100,0,0
7.5,17.0,100,0,0
7.5,17.1,100,0,0
7.5,17.2,100,0,0
7.5,17.3,100,0,0
7.5,17.400000000000002,100,0,0
7.5,17.5,100,0,0
7.5,17.6,100,0,0
7.5,17.7,100,0,0
7.5,17.8,100,0,0
7.5,17.900000000000002,100,0,0
7.5,18.0,100,0,0
7.5,18.1,100,0,0
7.5,18.2,100,0,0
7.5,18.3,100,0,0
7.5,18.400000000000002,100,0,0
7.5,18.5,100,0,0
7.5,18.6,100,0,0
7.5,18.7,100,0,0
7.5,18.8,100,0,0
7.5,18.900000000000002,100,0,0
7.5,19.0,100,0,0
7.5,19.1,100,0,0
7.5,19.2,100,0,0
7.5,19.3,100,0,0
7.5,19.400000000000002,100,0,0
7.5,19.5,100,0,0
7.5,19.6,100,0,0
7.5,19.7,100,0,0
7.5,19.8,100,0,0
7.5,19.900000000000002,100,0,0
7.5,20.0,100,0,0
7.5,20.1,100,0,0
7.5,20.200000000000003,100,0,0
7.5,20.3,100,0,0
7.5,20.400000000000002,100,0,0
7.5,20.5,100,0,0
7.5,20.6,100,0,0
7.5,20.700000000000003,100,0,0
7.5,20.8,100,0,0
7.5,20.900000000000002,100,0,0
7.6,1.0,0.0,100.0,20.99999999999999
7.6,1.1,0.0,100.0,23.999999999999982
7.6,1.2,0.0,100.0,23.333333333333318
7.6,1.3,0.0,100.0,20.66666666666666
7.6,1.4,0.0,100.0,19.999999999999996
7.6,1.5,0.0,100.0,15.333333333333345
7.6,1.6,0.0,100.0,15.333333333333345
7.6,1.7000000000000002,0.0,100.0,17.33333333333334
7.6,1.8,0.0,100.0,16.00000000000001
7.6,1.9,0.0,100.0,19.999999999999996
7.6,2.0,0.0,100.0,19.0
7.6,2.1,0.0,100.0,19.333333333333332
7.6,2.2,0.0,100.0,17.66666666666667
7.6,2.3,0.0,100.0,13.33333333333334
7.6,2.4000000000000004,0.0,100.0,16.333333333333343
7.6,2.5,0.0,100.0,11.000000000000002
7.6,2.6,0.0,100.0,11.66666666666667
7.6,2.7,0.0,100.0,11.000000000000002
7.6,2.8,0.0,100.0,14.000000000000007
7.6,2.9000000000000004,0.0,100.0,16.00000000000001
7.6,3.0,0.0,100.0,15.666666666666677
7.6,3.1,0.0,100.0,13.33333333333334
7.6,3.2,0.0,100.0,15.000000000000009
7.6,3.3000000000000003,0.0,100.0,13.666666666666675
7.6,3.4000000000000004,0.0,100.0,11.66666666666667
7.6,3.5,0.0,100.0,7.6666666666666625
7.6,3.6,0.0,100.0,5.999999999999997
7.6,3.7,0.0,100.0,5.333333333333332
7.6,3.8000000000000003,0.0,100.0,4.999999999999999
7.6,3.9000000000000004,0.0,100.0,7.33333333333333
7.6,4.0,0.0,100.0,12.333333333333337
7.6,4.1,0.0,100.0,12.000000000000005
7.6,4.2,0.0,100.0,8.999999999999998
7.6,4.300000000000001,0.0,100.0,8.999999999999998
7.6,4.4,0.0,100.0,9.333333333333332
7.6,4.5,0.0,100.0,5.333333333333332
7.6,4.6,0.0,100.0,4.666666666666666
7.6,4.7,0.0,100.0,4.333333333333333
7.6,4.800000000000001,0.0,100.0,3.666666666666667
7.6,4.9,0.0,100.0,2.666666666666666
7.6,5.0,0.0,100.0,8.666666666666664
7.6,5.1000000000000005,0.0,100.0,5.333333333333332
7.6,5.2,0.0,100.0,3.666666666666667
7.6,5.3,0.0,100.0,3.666666666666667
7.6,5.4,0.0,100.0,4.666666666666666
7.6,5.5,0.0,100.0,2.333333333333333
7.6,5.6000000000000005,0.0,100.0,3.0
7.6,5.7,0.0,100.0,2.333333333333333
7.6,5.800000000000001,0.0,100.0,1.6666666666666665
7.6,5.9,0.0,100.0,1.333333333333333
7.6,6.0,0.0,100.0,1.9999999999999998
7.6,6.1000000000000005,0.0,100.0,0.0
7.6,6.2,0.0,100.0,0.33333333333333326
7.6,6.300000000000001,0.0,100.0,1.333333333333333
7.6,6.4,0.0,100.0,0.0
7.6,6.5,0.0,100.0,0.33333333333333326
7.6,6.6000000000000005,0.0,100.0,1.333333333333333
7.6,6.7,0.0,100.0,0.0
7.6,6.800000000000001,0.0,100.0,0.0
7.6,6.9,0.0,100.0,0.0
7.6,7.0,0.0,100.0,0.33333333333333326
7.6,7.1000000000000005,0.0,100.0,0.0
7.6,7.2,0.0,100.0,0.0
7.6,7.300000000000001,0.0,100.0,0.0
7.6,7.4,0.0,100.0,0.0
7.6,7.5,0.0,100.0,0.0
7.6,7.6000000000000005,0.0,100.0,0.0
7.6,7.7,0.0,100.0,0.0
7.6,7.800000000000001,0.0,100.0,0.0
7.6,7.9,0.0,100.0,0.0
7.6,8.0,0.0,100.0,0.0
7.6,8.100000000000001,0.0,100.0,0.0
7.6,8.2,0.0,100.0,0.0
7.6,8.3,0.0,100.0,0.0
7.6,8.4,0.0,100.0,0.0
7.6,8.5,0.0,100.0,0.0
7.6,8.600000000000001,0.0,100.0,0.0
7.6,8.7,0.0,100.0,0.0
7.6,8.8,0.0,100.0,0.0
7.6,8.9,0.0,100.0,0.0
7.6,9.0,0.0,100.0,0.0
7.6,9.1,0.0,100.0,0.0
7.6,9.200000000000001,0.0,100.0,0.0
7.6,9.3,0.0,100.0,0.0
7.6,9.4,0.0,100.0,0.0
7.6,9.5,0.0,100.0,0.0
7.6,9.6,0.0,100.0,0.0
7.6,9.700000000000001,0.0,100.0,0.0
7.6,9.8,0.0,100.0,0.0
7.6,9.9,0.0,100.0,0.0
7.6,10.0,0.0,100.0,0.0
7.6,10.1,0.0,100.0,0.0
7.6,10.200000000000001,0.0,100.0,0.0
7.6,10.3,0.0,100.0,0.0
7.6,10.4,0.0,100.0,0.0
7.6,10.5,0.0,100.0,0.0
7.6,10.600000000000001,0.0,100.0,0.0
7.6,10.700000000000001,10.0,90.0,2.4444444444444446
7.6,10.8,25.0,75.0,6.333333333333332
7.6,10.9,38.0,61.888888888888886,8.88888888888889
7.6,11.0,43.0,57.0,10.666666666666655
7.6,11.100000000000001,64.0,36.0,15.111111111111091
7.6,11.200000000000001,72.0,28.0,16.888888888888864
7.6,11.3,73.0,27.0,16.888888888888864
7.6,11.4,70.0,30.0,15.777777777777754
7.6,11.5,83.0,17.0,19.999999999999968
7.6,11.600000000000001,92.0,8.0,20.999999999999957
7.6,11.700000000000001,95.0,5.0,20.88888888888885
7.6,11.8,93.0,7.0,19.77777777777774
7.6,11.9,96.0,4.0,20.555555555555515
7.6,12.0,96.0,4.0,20.777777777777736
7.6,12.100000000000001,98.0,2.0,21.999999999999957
7.6,12.200000000000001,96.0,4.0,21.888888888888847
7.6,12.3,98.0,2.0,21.333333333333293
7.6,12.4,98.0,2.0,20.444444444444404
7.6,12.5,99.0,1.0,19.55555555555552
7.6,12.600000000000001,99.0,1.0,20.111111111111068
7.6,12.700000000000001,100.0,0.0,20.11111111111108
7.6,12.8,100.0,0.0,20.666666666666632
7.6,12.9,100.0,0.0,20.333333333333297
7.6,13.0,100.0,0.0,20.333333333333297
7.6,13.100000000000001,100.0,0.0,19.555555555555515
7.6,13.200000000000001,100.0,0.0,17.55555555555552
7.6,13.3,99.0,1.0,16.222222222222193
7.6,13.4,100.0,0.0,15.22222222222219
7.6,13.5,100.0,0.0,14.555555555555532
7.6,13.600000000000001,100.0,0.0,15.444444444444414
7.6,13.700000000000001,100.0,0.0,14.11111111111108
7.6,13.8,100.0,0.0,14.333333333333304
7.6,13.9,100.0,0.0,12.555555555555532
7.6,14.0,100.0,0.0,12.999999999999973
7.6,14.100000000000001,100.0,0.0,11.888888888888868
7.6,14.200000000000001,100.0,0.0,10.333333333333314
7.6,14.3,100.0,0.0,7.666666666666658
7.6,14.4,100.0,0.0,6.999999999999993
7.6,14.5,100.0,0.0,6.333333333333328
7.6,14.600000000000001,100.0,0.0,5.6666666666666625
7.6,14.700000000000001,100.0,0.0,4.666666666666665
7.6,14.8,100.0,0.0,3.3333333333333344
7.6,14.9,100.0,0.0,4.111111111111112
7.6,15.0,100.0,0.0,2.333333333333334
7.6,15.100000000000001,100.0,0.0,3.0000000000000013
7.6,15.200000000000001,100.0,0.0,2.333333333333334
7.6,15.3,100.0,0.0,1.2222222222222225
7.6,15.4,100.0,0.0,1.666666666666667
7.6,15.5,100.0,0.0,1.777777777777778
7.6,15.600000000000001,100.0,0.0,0.6666666666666667
7.6,15.700000000000001,100,0,0
7.6,15.8,100,0,0
7.6,15.9,100,0,0
7.6,16.0,100,0,0
7.6,16.1,100,0,0
7.6,16.200000000000003,100,0,0
7.6,16.3,100,0,0
7.6,16.4,100,0,0
7.6,16.5,100,0,0
7.6,16.6,100,0,0
7.6,16.700000000000003,100,0,0
7.6,16.8,100,0,0
7.6,16.9,100,0,0
7.6,17.0,100,0,0
7.6,17.1,100,0,0
7.6,17.2,100,0,0
7.6,17.3,100,0,0
7.6,17.400000000000002,100,0,0
7.6,17.5,100,0,0
7.6,17.6,100,0,0
7.6,17.7,100,0,0
7.6,17.8,100,0,0
7.6,17.900000000000002,100,0,0
7.6,18.0,100,0,0
7.6,18.1,100,0,0
7.6,18.2,100,0,0
7.6,18.3,100,0,0
7.6,18.400000000000002,100,0,0
7.6,18.5,100,0,0
7.6,18.6,100,0,0
7.6,18.7,100,0,0
7.6,18.8,100,0,0
7.6,18.900000000000002,100,0,0
7.6,19.0,100,0,0
7.6,19.1,100,0,0
7.6,19.2,100,0,0
7.6,19.3,100,0,0
7.6,19.400000000000002,100,0,0
7.6,19.5,100,0,0
7.6,19.6,100,0,0
7.6,19.7,100,0,0
7.6,19.8,100,0,0
7.6,19.900000000000002,100,0,0
7.6,20.0,100,0,0
7.6,20.1,100,0,0
7.6,20.200000000000003,100,0,0
7.6,20.3,100,0,0
7.6,20.400000000000002,100,0,0
7.6,20.5,100,0,0
7.6,20.6,100,0,0
7.6,20.700000000000003,100,0,0
7.6,20.8,100,0,0
7.6,20.900000000000002,100,0,0
7.7,1.0,0.0,100.0,24.33333333333331
7.7,1.1,0.0,100.0,24.33333333333331
7.7,1.2,0.0,100.0,22.33333333333332
7.7,1.3,0.0,100.0,20.33333333333333
7.7,1.4,0.0,100.0,16.666666666666675
7.7,1.5,0.0,100.0,15.333333333333345
7.7,1.6,0.0,100.0,19.999999999999996
7.7,1.7000000000000002,0.0,100.0,19.999999999999996
7.7,1.8,0.0,100.0,20.33333333333333
7.7,1.9,0.0,100.0,17.33333333333334
7.7,2.0,0.0,100.0,22.33333333333332
7.7,2.1,0.0,100.0,20.33333333333333
7.7,2.2,0.0,100.0,21.333333333333325
7.7,2.3,0.0,100.0,16.333333333333343
7.7,2.4000000000000004,0.0,100.0,15.000000000000009
7.7,2.5,0.0,100.0,13.666666666666675
7.7,2.6,0.0,100.0,12.333333333333337
7.7,2.7,0.0,100.0,13.666666666666675
7.7,2.8,0.0,100.0,16.00000000000001
7.7,2.9000000000000004,0.0,100.0,15.666666666666677
7.7,3.0,0.0,100.0,18.333333333333336
7.7,3.1,0.0,100.0,15.666666666666677
7.7,3.2,0.0,100.0,16.666666666666675
7.7,3.3000000000000003,0.0,100.0,13.666666666666675
7.7,3.4000000000000004,0.0,100.0,15.333333333333345
7.7,3.5,0.0,100.0,10.333333333333336
7.7,3.6,0.0,100.0,8.33333333333333
7.7,3.7,0.0,100.0,9.333333333333332
7.7,3.8000000000000003,0.0,100.0,11.000000000000002
7.7,3.9000000000000004,0.0,100.0,14.333333333333341
7.7,4.0,0.0,100.0,13.000000000000005
7.7,4.1,0.0,100.0,16.333333333333343
7.7,4.2,0.0,100.0,11.000000000000002
7.7,4.300000000000001,0.0,100.0,11.000000000000002
7.7,4.4,0.0,100.0,13.33333333333334
7.7,4.5,0.0,100.0,9.333333333333332
7.7,4.6,0.0,100.0,7.6666666666666625
7.7,4.7,0.0,100.0,5.333333333333332
7.7,4.800000000000001,0.0,100.0,5.999999999999997
7.7,4.9,0.0,100.0,12.666666666666671
7.7,5.0,0.0,100.0,15.333333333333345
7.7,5.1000000000000005,0.0,100.0,13.33333333333334
7.7,5.2,0.0,100.0,9.666666666666666
7.7,5.3,0.0,100.0,9.333333333333332
7.7,5.4,0.0,100.0,7.6666666666666625
7.7,5.5,0.0,100.0,6.999999999999997
7.7,5.6000000000000005,0.0,100.0,3.666666666666667
7.7,5.7,0.0,100.0,2.666666666666666
7.7,5.800000000000001,0.0,100.0,3.0
7.7,5.9,0.0,100.0,1.9999999999999998
7.7,6.0,0.0,100.0,2.333333333333333
7.7,6.1000000000000005,0.0,100.0,0.33333333333333326
7.7,6.2,0.0,100.0,0.6666666666666665
7.7,6.300000000000001,0.0,100.0,1.0
7.7,6.4,0.0,100.0,1.0
7.7,6.5,0.0,100.0,1.0
7.7,6.6000000000000005,0.0,100.0,0.6666666666666665
7.7,6.7,0.0,100.0,0.6666666666666665
7.7,6.800000000000001,0.0,100.0,0.33333333333333326
7.7,6.9,0.0,100.0,0.0
7.7,7.0,0.0,100.0,0.0
7.7,7.1000000000000005,0.0,100.0,0.0
7.7,7.2,0.0,100.0,0.0
7.7,7.300000000000001,0.0,100.0,0.0
7.7,7.4,0.0,100.0,0.0
7.7,7.5,0.0,100.0,0.0
7.7,7.6000000000000005,0.0,100.0,0.0
7.7,7.7,0.0,100.0,0.0
7.7,7.800000000000001,0.0,100.0,0.0
7.7,7.9,0.0,100.0,0.0
7.7,8.0,0.0,100.0,0.0
7.7,8.100000000000001,0.0,100.0,0.0
7.7,8.2,0.0,100.0,0.0
7.7,8.3,0.0,100.0,0.0
7.7,8.4,0.0,100.0,0.0
7.7,8.5,0.0,100.0,0.0
7.7,8.600000000000001,0.0,100.0,0.0
7.7,8.7,0.0,100.0,0.0
7.7,8.8,0.0,100.0,0.0
7.7,8.9,0.0,100.0,0.0
7.7,9.0,0.0,100.0,0.0
7.7,9.1,0.0,100.0,0.0
7.7,9.200000000000001,0.0,100.0,0.0
7.7,9.3,0.0,100.0,0.0
7.7,9.4,0.0,100.0,0.0
7.7,9.5,0.0,100.0,0.0
7.7,9.6,0.0,100.0,0.0
7.7,9.700000000000001,0.0,100.0,0.0
7.7,9.8,0.0,100.0,0.0
7.7,9.9,0.0,100.0,0.0
7.7,10.0,0.0,100.0,0.0
7.7,10.1,0.0,100.0,0.0
7.7,10.200000000000001,0.0,100.0,0.0
7.7,10.3,0.0,100.0,0.0
7.7,10.4,0.0,100.0,0.0
7.7,10.5,10.0,89.66666666666669,2.777777777777778
7.7,10.600000000000001,29.0,71.0,7.4444444444444455
7.7,10.700000000000001,39.0,61.0,9.777777777777775
7.7,10.8,48.0,52.0,11.222222222222218
7.7,10.9,48.0,51.888888888888886,11.666666666666659
7.7,11.0,59.0,41.0,13.99999999999999
7.7,11.100000000000001,81.0,19.0,19.111111111111082
7.7,11.200000000000001,81.0,19.0,18.888888888888857
7.7,11.3,85.0,15.0,18.888888888888854
7.7,11.4,82.0,18.0,19.222222222222193
7.7,11.5,95.0,5.0,22.111111111111075
7.7,11.600000000000001,93.0,7.0,22.3333333333333
7.7,11.700000000000001,95.0,5.0,21.66666666666663
7.7,11.8,90.0,10.0,19.666666666666632
7.7,11.9,99.0,1.0,20.666666666666625
7.7,12.0,99.0,1.0,21.999999999999964
7.7,12.100000000000001,96.0,4.0,20.55555555555552
7.7,12.200000000000001,98.0,2.0,21.444444444444404
7.7,12.3,100.0,0.0,21.888888888888843
7.7,12.4,99.0,1.0,19.99999999999996
7.7,12.5,99.0,1.0,20.66666666666663
7.7,12.600000000000001,98.0,2.0,18.777777777777747
7.7,12.700000000000001,100.0,0.0,20.33333333333329
7.7,12.8,100.0,0.0,20.222222222222182
7.7,12.9,100.0,0.0,20.33333333333329
7.7,13.0,100.0,0.0,19.333333333333304
7.7,13.100000000000001,100.0,0.0,19.888888888888854
7.7,13.200000000000001,100.0,0.0,17.888888888888857
7.7,13.3,100.0,0.0,14.99999999999997
7.7,13.4,100.0,0.0,14.777777777777747
7.7,13.5,100.0,0.0,14.555555555555527
7.7,13.600000000000001,100.0,0.0,14.444444444444418
7.7,13.700000000000001,100.0,0.0,13.999999999999973
7.7,13.8,100.0,0.0,13.77777777777775
7.7,13.9,100.0,0.0,13.111111111111084
7.7,14.0,100.0,0.0,12.111111111111088
7.7,14.100000000000001,100.0,0.0,11.555555555555536
7.7,14.200000000000001,100.0,0.0,10.222222222222204
7.7,14.3,100.0,0.0,7.666666666666658
7.7,14.4,100.0,0.0,6.888888888888882
7.7,14.5,100.0,0.0,5.222222222222218
7.7,14.600000000000001,100.0,0.0,4.777777777777777
7.7,14.700000000000001,100.0,0.0,3.4444444444444455
7.7,14.8,100.0,0.0,3.222222222222223
7.7,14.9,100.0,0.0,2.777777777777778
7.7,15.0,100.0,0.0,3.0000000000000013
7.7,15.100000000000001,100.0,0.0,2.2222222222222228
7.7,15.200000000000001,100.0,0.0,3.111111111111112
7.7,15.3,100.0,0.0,2.1111111111111116
7.7,15.4,100.0,0.0,1.0000000000000002
7.7,15.5,100,0,0
7.7,15.600000000000001,100,0,0
7.7,15.700000000000001,100,0,0
7.7,15.8,100,0,0
7.7,15.9,100,0,0
7.7,16.0,100,0,0
7.7,16.1,100,0,0
7.7,16.200000000000003,100,0,0
7.7,16.3,100,0,0
7.7,16.4,100,0,0
7.7,16.5,100,0,0
7.7,16.6,100,0,0
7.7,16.700000000000003,100,0,0
7.7,16.8,100,0,0
7.7,16.9,100,0,0
7.7,17.0,100,0,0
7.7,17.1,100,0,0
7.7,17.2,100,0,0
7.7,17.3,100,0,0
7.7,17.400000000000002,100,0,0
7.7,17.5,100,0,0
7.7,17.6,100,0,0
7.7,17.7,100,0,0
7.7,17.8,100,0,0
7.7,17.900000000000002,100,0,0
7.7,18.0,100,0,0
7.7,18.1,100,0,0
7.7,18.2,100,0,0
7.7,18.3,100,0,0
7.7,18.400000000000002,100,0,0
7.7,18.5,100,0,0
7.7,18.6,100,0,0
7.7,18.7,100,0,0
7.7,18.8,100,0,0
7.7,18.900000000000002,100,0,0
7.7,19.0,100,0,0
7.7,19.1,100,0,0
7.7,19.2,100,0,0
7.7,19.3,100,0,0
7.7,19.400000000000002,100,0,0
7.7,19.5,100,0,0
7.7,19.6,100,0,0
7.7,19.7,100,0,0
7.7,19.8,100,0,0
7.7,19.900000000000002,100,0,0
7.7,20.0,100,0,0
7.7,20.1,100,0,0
7.7,20.200000000000003,100,0,0
7.7,20.3,100,0,0
7.7,20.400000000000002,100,0,0
7.7,20.5,100,0,0
7.7,20.6,100,0,0
7.7,20.700000000000003,100,0,0
7.7,20.8,100,0,0
7.7,20.900000000000002,100,0,0
7.8,1.0,0.0,100.0,24.99999999999998
7.8,1.1,0.0,100.0,27.66666666666664
7.8,1.2,0.0,100.0,26.66666666666664
7.8,1.3,0.0,100.0,20.99999999999999
7.8,1.4,0.0,100.0,21.666666666666657
7.8,1.5,0.0,100.0,21.666666666666657
7.8,1.6,0.0,100.0,22.33333333333332
7.8,1.7000000000000002,0.0,100.0,20.99999999999999
7.8,1.8,0.0,100.0,20.66666666666666
7.8,1.9,0.0,100.0,21.666666666666657
7.8,2.0,0.0,100.0,24.33333333333331
7.8,2.1,0.0,100.0,22.66666666666665
7.8,2.2,0.0,100.0,17.33333333333334
7.8,2.3,0.0,100.0,18.000000000000004
7.8,2.4000000000000004,0.0,100.0,16.00000000000001
7.8,2.5,0.0,100.0,12.666666666666671
7.8,2.6,0.0,100.0,15.666666666666677
7.8,2.7,0.0,100.0,20.33333333333333
7.8,2.8,0.0,100.0,19.666666666666664
7.8,2.9000000000000004,0.0,100.0,21.99999999999999
7.8,3.0,0.0,100.0,24.666666666666647
7.8,3.1,0.0,100.0,18.000000000000004
7.8,3.2,0.0,100.0,18.333333333333336
7.8,3.3000000000000003,0.0,100.0,15.666666666666677
7.8,3.4000000000000004,0.0,100.0,14.000000000000007
7.8,3.5,0.0,100.0,11.000000000000002
7.8,3.6,0.0,100.0,11.66666666666667
7.8,3.7,0.0,100.0,14.000000000000007
7.8,3.8000000000000003,0.0,100.0,17.66666666666667
7.8,3.9000000000000004,0.0,100.0,22.999999999999986
7.8,4.0,0.0,100.0,18.666666666666668
7.8,4.1,0.0,100.0,15.666666666666677
7.8,4.2,0.0,100.0,16.333333333333343
7.8,4.300000000000001,0.0,100.0,12.333333333333337
7.8,4.4,0.0,100.0,9.666666666666666
7.8,4.5,0.0,100.0,10.0
7.8,4.6,0.0,100.0,5.999999999999997
7.8,4.7,0.0,100.0,7.9999999999999964
7.8,4.800000000000001,0.0,100.0,15.666666666666677
7.8,4.9,0.0,100.0,14.666666666666675
7.8,5.0,0.0,100.0,19.0
7.8,5.1000000000000005,0.0,100.0,13.33333333333334
7.8,5.2,0.0,100.0,10.666666666666668
7.8,5.3,0.0,100.0,10.666666666666668
7.8,5.4,0.0,100.0,9.333333333333332
7.8,5.5,0.0,100.0,7.33333333333333
7.8,5.6000000000000005,0.0,100.0,7.6666666666666625
7.8,5.7,0.0,100.0,6.333333333333331
7.8,5.800000000000001,0.0,100.0,3.333333333333334
7.8,5.9,0.0,100.0,4.333333333333333
7.8,6.0,0.0,100.0,1.9999999999999998
7.8,6.1000000000000005,0.0,100.0,4.0
7.8,6.2,0.0,100.0,1.333333333333333
7.8,6.300000000000001,0.0,100.0,2.333333333333333
7.8,6.4,0.0,100.0,0.33333333333333326
7.8,6.5,0.0,100.0,1.6666666666666665
7.8,6.6000000000000005,0.0,100.0,0.0
7.8,6.7,0.0,100.0,0.6666666666666665
7.8,6.800000000000001,0.0,100.0,0.6666666666666665
7.8,6.9,0.0,100.0,0.0
7.8,7.0,0.0,100.0,0.0
7.8,7.1000000000000005,0.0,100.0,0.0
7.8,7.2,0.0,100.0,0.0
7.8,7.300000000000001,0.0,100.0,0.0
7.8,7.4,0.0,100.0,0.0
7.8,7.5,0.0,100.0,0.0
7.8,7.6000000000000005,0.0,100.0,0.0
7.8,7.7,0.0,100.0,0.0
7.8,7.800000000000001,0.0,100.0,0.0
7.8,7.9,0.0,100.0,0.0
7.8,8.0,0.0,100.0,0.0
7.8,8.100000000000001,0.0,100.0,0.0
7.8,8.2,0.0,100.0,0.0
7.8,8.3,0.0,100.0,0.0
7.8,8.4,0.0,100.0,0.0
7.8,8.5,0.0,100.0,0.0
7.8,8.600000000000001,0.0,100.0,0.0
7.8,8.7,0.0,100.0,0.0
7.8,8.8,0.0,100.0,0.0
7.8,8.9,0.0,100.0,0.0
7.8,9.0,0.0,100.0,0.0
7.8,9.1,0.0,100.0,0.0
7.8,9.200000000000001,0.0,100.0,0.0
7.8,9.3,0.0,100.0,0.0
7.8,9.4,0.0,100.0,0.0
7.8,9.5,0.0,100.0,0.0
7.8,9.6,0.0,100.0,0.0
7.8,9.700000000000001,0.0,100.0,0.0
7.8,9.8,0.0,100.0,0.0
7.8,9.9,0.0,100.0,0.0
7.8,10.0,0.0,100.0,0.0
7.8,10.1,0.0,100.0,0.0
7.8,10.200000000000001,0.0,100.0,0.0
7.8,10.3,10.0,90.0,2.555555555555556
7.8,10.4,27.0,73.0,6.4444444444444455
7.8,10.5,34.0,66.0,8.000000000000002
7.8,10.600000000000001,51.0,48.888888888888886,11.99999999999999
7.8,10.700000000000001,66.0,34.0,15.444444444444422
7.8,10.8,59.0,41.0,14.111111111111095
7.8,10.9,68.0,32.0,16.333333333333314
7.8,11.0,76.0,24.0,18.2222222222222
7.8,11.100000000000001,90.0,10.0,21.888888888888854
7.8,11.200000000000001,86.0,14.0,20.666666666666632
7.8,11.3,93.0,7.0,21.88888888888885
7.8,11.4,96.0,4.0,22.666666666666632
7.8,11.5,92.0,8.0,21.999999999999957
7.8,11.600000000000001,96.0,4.0,21.888888888888843
7.8,11.700000000000001,95.0,5.0,22.222222222222186
7.8,11.8,97.0,3.0,21.55555555555552
7.8,11.9,97.0,3.0,20.777777777777743
7.8,12.0,100.0,0.0,21.999999999999957
7.8,12.100000000000001,98.0,2.0,22.222222222222182
7.8,12.200000000000001,99.0,1.0,22.222222222222175
7.8,12.3,100.0,0.0,20.777777777777736
7.8,12.4,99.0,1.0,19.88888888888885
7.8,12.5,100.0,0.0,18.99999999999997
7.8,12.600000000000001,100.0,0.0,19.333333333333297
7.8,12.700000000000001,100.0,0.0,20.222222222222182
7.8,12.8,100.0,0.0,20.66666666666663
7.8,12.9,100.0,0.0,20.444444444444404
7.8,13.0,100.0,0.0,20.88888888888885
7.8,13.100000000000001,100.0,0.0,19.66666666666663
7.8,13.200000000000001,100.0,0.0,17.888888888888854
7.8,13.3,100.0,0.0,17.555555555555525
7.8,13.4,100.0,0.0,14.888888888888863
7.8,13.5,100.0,0.0,14.444444444444416
7.8,13.600000000000001,100.0,0.0,14.222222222222193
7.8,13.700000000000001,100.0,0.0,13.555555555555529
7.8,13.8,100.0,0.0,13.222222222222198
7.8,13.9,100.0,0.0,12.444444444444422
7.8,14.0,100.0,0.0,11.999999999999975
7.8,14.100000000000001,100.0,0.0,12.111111111111088
7.8,14.200000000000001,100.0,0.0,10.111111111111097
7.8,14.3,100.0,0.0,8.444444444444436
7.8,14.4,100.0,0.0,6.444444444444439
7.8,14.5,100.0,0.0,4.5555555555555545
7.8,14.600000000000001,100.0,0.0,6.888888888888886
7.8,14.700000000000001,100.0,0.0,4.222222222222222
7.8,14.8,100.0,0.0,3.777777777777779
7.8,14.9,100.0,0.0,2.2222222222222228
7.8,15.0,100.0,0.0,2.333333333333334
7.8,15.100000000000001,100.0,0.0,2.333333333333334
7.8,15.200000000000001,100.0,0.0,2.6666666666666674
7.8,15.3,100,0,0
7.8,15.4,100,0,0
7.8,15.5,100,0,0
7.8,15.600000000000001,100,0,0
7.8,15.700000000000001,100,0,0
7.8,15.8,100,0,0
7.8,15.9,100,0,0
7.8,16.0,100,0,0
7.8,16.1,100,0,0
7.8,16.200000000000003,100,0,0
7.8,16.3,100,0,0
7.8,16.4,100,0,0
7.8,16.5,100,0,0
7.8,16.6,100,0,0
7.8,16.700000000000003,100,0,0
7.8,16.8,100,0,0
7.8,16.9,100,0,0
7.8,17.0,100,0,0
7.8,17.1,100,0,0
7.8,17.2,100,0,0
7.8,17.3,100,0,0
7.8,17.400000000000002,100,0,0
7.8,17.5,100,0,0
7.8,17.6,100,0,0
7.8,17.7,100,0,0
7.8,17.8,100,0,0
7.8,17.900000000000002,100,0,0
7.8,18.0,100,0,0
7.8,18.1,100,0,0
7.8,18.2,100,0,0
7.8,18.3,100,0,0
7.8,18.400000000000002,100,0,0
7.8,18.5,100,0,0
7.8,18.6,100,0,0
7.8,18.7,100,0,0
7.8,18.8,100,0,0
7.8,18.900000000000002,100,0,0
7.8,19.0,100,0,0
7.8,19.1,100,0,0
7.8,19.2,100,0,0
7.8,19.3,100,0,0
7.8,19.400000000000002,100,0,0
7.8,19.5,100,0,0
7.8,19.6,100,0,0
7.8,19.7,100,0,0
7.8,19.8,100,0,0
7.8,19.900000000000002,100,0,0
7.8,20.0,100,0,0
7.8,20.1,100,0,0
7.8,20.200000000000003,100,0,0
7.8,20.3,100,0,0
7.8,20.400000000000002,100,0,0
7.8,20.5,100,0,0
7.8,20.6,100,0,0
7.8,20.700000000000003,100,0,0
7.8,20.8,100,0,0
7.8,20.900000000000002,100,0,0
7.9,1.0,0.0,100.0,27.999999999999968
7.9,1.1,0.0,100.0,26.333333333333307
7.9,1.2,0.0,100.0,26.66666666666664
7.9,1.3,0.0,100.0,24.33333333333331
7.9,1.4,0.0,100.0,21.333333333333325
7.9,1.5,0.0,100.0,21.99999999999999
7.9,1.6,0.0,100.0,25.99999999999998
7.9,1.7000000000000002,0.0,100.0,26.333333333333307
7.9,1.8,0.0,100.0,24.99999999999998
7.9,1.9,0.0,100.0,24.666666666666647
7.9,2.0,0.0,100.0,26.333333333333307
7.9,2.1,0.0,100.0,21.99999999999999
7.9,2.2,0.0,100.0,24.33333333333331
7.9,2.3,0.0,100.0,20.33333333333333
7.9,2.4000000000000004,0.0,100.0,18.000000000000004
7.9,2.5,0.0,100.0,18.333333333333336
7.9,2.6,0.0,100.0,21.333333333333325
7.9,2.7,0.0,100.0,22.66666666666665
7.9,2.8,0.0,100.0,22.33333333333332
7.9,2.9000000000000004,0.0,100.0,26.66666666666664
7.9,3.0,0.0,100.0,26.333333333333307
7.9,3.1,0.0,100.0,19.999999999999996
7.9,3.2,0.0,100.0,19.333333333333332
7.9,3.3000000000000003,0.0,100.0,17.33333333333334
7.9,3.4000000000000004,0.0,100.0,14.000000000000007
7.9,3.5,0.0,100.0,18.333333333333336
7.9,3.6,0.0,100.0,17.000000000000007
7.9,3.7,0.0,100.0,20.66666666666666
7.9,3.8000000000000003,0.0,100.0,20.66666666666666
7.9,3.9000000000000004,0.0,100.0,23.999999999999982
7.9,4.0,0.0,100.0,24.666666666666647
7.9,4.1,0.0,100.0,23.333333333333318
7.9,4.2,0.0,100.0,19.666666666666664
7.9,4.300000000000001,0.0,100.0,14.333333333333341
7.9,4.4,0.0,100.0,14.000000000000007
7.9,4.5,0.0,100.0,10.0
7.9,4.6,0.0,100.0,14.666666666666675
7.9,4.7,0.0,100.0,16.666666666666675
7.9,4.800000000000001,0.0,100.0,21.99999999999999
7.9,4.9,0.0,100.0,21.666666666666657
7.9,5.0,0.0,100.0,24.666666666666647
7.9,5.1000000000000005,0.0,100.0,20.33333333333333
7.9,5.2,0.0,100.0,16.00000000000001
7.9,5.3,0.0,100.0,15.000000000000009
7.9,5.4,0.0,100.0,10.666666666666668
7.9,5.5,0.0,100.0,9.333333333333332
7.9,5.6000000000000005,0.0,100.0,7.33333333333333
7.9,5.7,0.0,100.0,10.0
7.9,5.800000000000001,0.0,100.0,4.999999999999999
7.9,5.9,0.0,100.0,4.0
7.9,6.0,0.0,100.0,5.999999999999997
7.9,6.1000000000000005,0.0,100.0,1.333333333333333
7.9,6.2,0.0,100.0,1.9999999999999998
7.9,6.300000000000001,0.0,100.0,1.333333333333333
7.9,6.4,0.0,100.0,1.0
7.9,6.5,0.0,100.0,1.0
7.9,6.6000000000000005,0.0,100.0,0.33333333333333326
7.9,6.7,0.0,100.0,0.6666666666666665
7.9,6.800000000000001,0.0,100.0,0.33333333333333326
7.9,6.9,0.0,100.0,0.6666666666666665
7.9,7.0,0.0,100.0,0.33333333333333326
7.9,7.1000000000000005,0.0,100.0,0.0
7.9,7.2,0.0,100.0,0.33333333333333326
7.9,7.300000000000001,0.0,100.0,0.0
7.9,7.4,0.0,100.0,0.0
7.9,7.5,0.0,100.0,0.0
7.9,7.6000000000000005,0.0,100.0,0.0
7.9,7.7,0.0,100.0,0.0
7.9,7.800000000000001,0.0,100.0,0.0
7.9,7.9,0.0,100.0,0.0
7.9,8.0,0.0,100.0,0.0
7.9,8.100000000000001,0.0,100.0,0.0
7.9,8.2,0.0,100.0,0.0
7.9,8.3,0.0,100.0,0.0
7.9,8.4,0.0,100.0,0.0
7.9,8.5,0.0,100.0,0.0
7.9,8.600000000000001,0.0,100.0,0.0
7.9,8.7,0.0,100.0,0.0
7.9,8.8,0.0,100.0,0.0
7.9,8.9,0.0,100.0,0.0
7.9,9.0,0.0,100.0,0.0
7.9,9.1,0.0,100.0,0.0
7.9,9.200000000000001,0.0,100.0,0.0
7.9,9.3,0.0,100.0,0.0
7.9,9.4,0.0,100.0,0.0
7.9,9.5,0.0,100.0,0.0
7.9,9.6,0.0,100.0,0.0
7.9,9.700000000000001,0.0,100.0,0.0
7.9,9.8,0.0,100.0,0.0
7.9,9.9,0.0,100.0,0.0
7.9,10.0,0.0,100.0,0.0
7.9,10.1,12.0,88.0,2.8888888888888897
7.9,10.200000000000001,22.0,78.0,5.000000000000001
7.9,10.3,41.0,59.0,10.222222222222216
7.9,10.4,36.0,64.0,8.777777777777779
7.9,10.5,55.0,45.0,13.722222222222214
7.9,10.600000000000001,65.0,35.0,15.444444444444432
7.9,10.700000000000001,78.0,22.0,18.222222222222193
7.9,10.8,75.0,25.0,17.444444444444418
7.9,10.9,84.0,16.0,19.888888888888854
7.9,11.0,85.0,15.0,20.55555555555552
7.9,11.100000000000001,88.0,12.0,20.3333333333333
7.9,11.200000000000001,89.0,11.0,20.666666666666625
7.9,11.3,95.0,5.0,21.333333333333293
7.9,11.4,94.0,6.0,21.888888888888843
7.9,11.5,96.0,4.0,22.999999999999957
7.9,11.600000000000001,97.0,3.0,22.888888888888843
7.9,11.700000000000001,95.0,5.0,21.55555555555552
7.9,11.8,100.0,0.0,21.888888888888847
7.9,11.9,98.0,2.0,20.999999999999957
7.9,12.0,99.0,1.0,22.333333333333293
7.9,12.100000000000001,99.0,1.0,21.777777777777736
7.9,12.200000000000001,100.0,0.0,22.333333333333293
7.9,12.3,100.0,0.0,21.77777777777773
7.9,12.4,100.0,0.0,20.333333333333293
7.9,12.5,100.0,0.0,19.66666666666663
7.9,12.600000000000001,100.0,0.0,19.888888888888854
7.9,12.700000000000001,100.0,0.0,20.333333333333293
7.9,12.8,100.0,0.0,20.666666666666625
7.9,12.9,100.0,0.0,20.555555555555515
7.9,13.0,100.0,0.0,20.333333333333297
7.9,13.100000000000001,100.0,0.0,18.999999999999968
7.9,13.200000000000001,100.0,0.0,17.44444444444441
7.9,13.3,100.0,0.0,16.111111111111086
7.9,13.4,100.0,0.0,15.444444444444416
7.9,13.5,100.0,0.0,13.77777777777775
7.9,13.600000000000001,100.0,0.0,15.444444444444422
7.9,13.700000000000001,100.0,0.0,13.222222222222197
7.9,13.8,100.0,0.0,13.111111111111086
7.9,13.9,100.0,0.0,13.888888888888863
7.9,14.0,100.0,0.0,13.222222222222197
7.9,14.100000000000001,100.0,0.0,12.111111111111091
7.9,14.200000000000001,100.0,0.0,10.111111111111093
7.9,14.3,100.0,0.0,7.888888888888881
7.9,14.4,100.0,0.0,8.111111111111102
7.9,14.5,100.0,0.0,5.888888888888883
7.9,14.600000000000001,100.0,0.0,4.777777777777776
7.9,14.700000000000001,100.0,0.0,4.777777777777776
7.9,14.8,100.0,0.0,3.5555555555555567
7.9,14.9,100.0,0.0,2.8888888888888897
7.9,15.0,100.0,0.0,2.6666666666666674
7.9,15.100000000000001,100,0,0
7.9,15.200000000000001,100,0,0
7.9,15.3,100,0,0
7.9,15.4,100,0,0
7.9,15.5,100,0,0
7.9,15.600000000000001,100,0,0
7.9,15.700000000000001,100,0,0
7.9,15.8,100,0,0
7.9,15.9,100,0,0
7.9,16.0,100,0,0
7.9,16.1,100,0,0
7.9,16.200000000000003,100,0,0
7.9,16.3,100,0,0
7.9,16.4,100,0,0
7.9,16.5,100,0,0
7.9,16.6,100,0,0
7.9,16.700000000000003,100,0,0
7.9,16.8,100,0,0
7.9,16.9,100,0,0
7.9,17.0,100,0,0
7.9,17.1,100,0,0
7.9,17.2,100,0,0
7.9,17.3,100,0,0
7.9,17.400000000000002,100,0,0
7.9,17.5,100,0,0
7.9,17.6,100,0,0
7.9,17.7,100,0,0
7.9,17.8,100,0,0
7.9,17.900000000000002,100,0,0
7.9,18.0,100,0,0
7.9,18.1,100,0,0
7.9,18.2,100,0,0
7.9,18.3,100,0,0
7.9,18.400000000000002,100,0,0
7.9,18.5,100,0,0
7.9,18.6,100,0,0
7.9,18.7,100,0,0
7.9,18.8,100,0,0
7.9,18.900000000000002,100,0,0
7.9,19.0,100,0,0
7.9,19.1,100,0,0
7.9,19.2,100,0,0
7.9,19.3,100,0,0
7.9,19.400000000000002,100,0,0
7.9,19.5,100,0,0
7.9,19.6,100,0,0
7.9,19.7,100,0,0
7.9,19.8,100,0,0
7.9,19.900000000000002,100,0,0
7.9,20.0,100,0,0
7.9,20.1,100,0,0
7.9,20.200000000000003,100,0,0
7.9,20.3,100,0,0
7.9,20.400000000000002,100,0,0
7.9,20.5,100,0,0
7.9,20.6,100,0,0
7.9,20.700000000000003,100,0,0
7.9,20.8,100,0,0
7.9,20.900000000000002,100,0,0
